2024-05-09 11:18:16,1711,ON
2024-05-09 11:18:18,1991,ON
2024-05-09 11:18:20,1773,ON
2024-05-09 11:18:22,1768,ON
2024-05-09 11:18:24,1679,ON
2024-05-09 11:18:26,1767,ON
2024-05-09 11:18:54,1663,ON
2024-05-09 11:18:56,1684,ON
2024-05-09 11:18:58,1690,ON
2024-05-09 11:19:00,1648,ON
2024-05-09 11:19:02,1685,ON
2024-05-09 11:19:04,1767,ON
2024-05-09 11:19:06,1695,ON
2024-05-09 11:19:08,1771,ON
2024-05-09 11:19:10,2011,ON
2024-05-09 11:19:12,1711,ON
2024-05-09 11:19:14,1663,ON
2024-05-09 11:19:16,1652,ON
2024-05-09 11:19:18,1701,ON
2024-05-09 11:19:20,1686,ON
2024-05-09 11:19:22,1696,ON
2024-05-09 11:19:24,1724,ON
2024-05-09 11:19:26,1728,ON
2024-05-09 11:19:28,1650,ON
2024-05-09 11:19:30,1742,ON
2024-05-09 11:19:32,1677,ON
2024-05-09 11:19:34,1786,ON
2024-05-09 11:19:36,1652,ON
2024-05-09 11:19:38,1698,ON
2024-05-09 11:19:40,1681,ON
2024-05-09 11:19:42,1699,ON
2024-05-09 11:19:44,1652,ON
2024-05-09 11:19:46,1697,ON
2024-05-09 11:19:48,1738,ON
2024-05-09 11:19:50,1706,ON
2024-05-09 11:21:53,1692,OFF
2024-05-09 11:21:55,1973,ON
2024-05-09 11:21:57,1902,ON
2024-05-09 11:22:34,1728,ON
2024-05-09 11:22:36,1743,ON
2024-05-09 11:22:38,1717,ON
2024-05-09 11:22:40,1725,ON
2024-05-09 11:22:42,1732,ON
2024-05-09 11:23:22,1819,OFF
2024-05-09 11:23:24,1785,ON
2024-05-09 11:23:26,1842,ON
2024-05-09 11:23:28,1809,ON
2024-05-09 11:23:30,1996,ON
2024-05-09 11:23:32,1990,ON
2024-05-09 11:23:34,1699,ON
2024-05-09 11:23:36,1862,ON
2024-05-09 11:23:38,1791,ON
2024-05-09 11:23:40,1801,ON
2024-05-09 11:27:39,1774,OFF
2024-05-09 11:27:41,1955,ON
2024-05-09 11:27:43,1945,ON
2024-05-09 11:27:45,2076,ON
2024-05-09 11:27:47,1893,ON
2024-05-09 11:27:49,2007,ON
2024-05-09 11:27:51,1961,ON
2024-05-09 11:27:53,2106,ON
2024-05-09 11:27:55,1886,ON
2024-05-09 11:27:57,1949,ON
2024-05-09 11:27:59,1979,ON
2024-05-09 11:28:01,1968,ON
2024-05-09 11:28:03,2000,ON
2024-05-09 11:28:05,1753,ON
2024-05-09 11:28:07,2175,ON
2024-05-09 11:28:09,2175,ON
2024-05-09 11:28:11,2175,ON
2024-05-09 11:28:13,2175,ON
2024-05-09 11:28:15,2175,ON
2024-05-09 11:28:17,2175,ON
2024-05-09 11:36:36,672,OFF
2024-05-09 11:36:38,727,OFF
2024-05-09 11:36:40,738,OFF
2024-05-09 11:42:58,802,OFF
2024-05-09 11:43:00,777,OFF
2024-05-09 11:43:02,756,OFF
2024-05-09 11:43:47,792,OFF
2024-05-09 11:43:49,816,OFF
2024-05-09 11:43:51,856,OFF
2024-05-09 11:43:53,776,OFF
2024-05-09 11:43:55,818,OFF
2024-05-09 11:43:57,798,OFF
2024-05-09 11:43:59,754,OFF
2024-05-09 11:44:01,850,OFF
2024-05-09 11:44:03,805,OFF
2024-05-09 11:44:05,809,OFF
2024-05-09 11:44:07,754,OFF
2024-05-09 11:44:30,794,OFF
2024-05-09 11:44:32,795,OFF
2024-05-09 11:44:34,874,OFF
2024-05-09 11:44:36,792,OFF
2024-05-09 11:44:38,780,OFF
2024-05-09 11:44:40,788,OFF
2024-05-09 11:44:42,807,OFF
2024-05-09 11:44:44,965,ON
2024-05-09 11:44:46,877,ON
2024-05-09 11:44:48,825,ON
2024-05-09 11:44:50,895,ON
2024-05-09 11:44:52,806,ON
2024-05-09 11:44:54,932,ON
2024-05-09 11:44:56,978,ON
2024-05-09 11:44:58,872,ON
2024-05-09 11:45:00,849,ON
2024-05-09 11:45:02,788,ON
2024-05-09 11:45:04,1000,ON
2024-05-09 11:45:06,893,ON
2024-05-09 11:45:08,769,ON
2024-05-09 11:45:10,1018,ON
2024-05-09 11:45:12,812,ON
2024-05-09 11:45:14,871,ON
2024-05-09 11:45:16,934,ON
2024-05-09 11:45:18,992,ON
2024-05-09 11:45:20,905,ON
2024-05-09 11:45:22,799,ON
2024-05-09 11:45:24,840,ON
2024-05-09 11:45:26,945,ON
2024-05-09 11:45:28,904,ON
2024-05-09 11:45:30,915,ON
2024-05-09 11:45:32,775,ON
2024-05-09 11:45:34,835,ON
2024-05-09 11:45:36,880,ON
2024-05-09 11:45:38,816,ON
2024-05-09 11:45:40,861,ON
2024-05-09 11:45:42,886,ON
2024-05-09 11:45:44,948,ON
2024-05-09 11:45:46,1012,ON
2024-05-09 11:45:48,841,OFF
2024-05-09 11:45:50,809,OFF
2024-05-09 11:45:52,808,OFF
2024-05-09 11:45:54,797,OFF
2024-05-09 11:45:56,780,OFF
2024-05-09 11:45:58,848,OFF
2024-05-09 11:46:00,926,ON
2024-05-09 11:46:02,831,OFF
2024-05-09 11:46:04,883,OFF
2024-05-09 11:46:06,896,ON
2024-05-09 11:46:08,839,OFF
2024-05-09 11:46:10,829,OFF
2024-05-09 11:46:12,806,OFF
2024-05-09 11:46:14,908,ON
2024-05-09 11:46:16,786,OFF
2024-05-09 11:46:18,866,OFF
2024-05-09 11:46:20,782,OFF
2024-05-09 11:46:22,801,OFF
2024-05-09 11:46:24,882,OFF
2024-05-09 11:46:26,929,ON
2024-05-09 11:46:28,835,OFF
2024-05-09 11:46:30,818,OFF
2024-05-09 11:46:32,837,OFF
2024-05-09 11:46:34,808,OFF
2024-05-09 11:46:36,947,ON
2024-05-09 11:46:38,905,OFF
2024-05-09 11:46:40,838,OFF
2024-05-09 11:46:42,850,OFF
2024-05-09 11:46:44,906,ON
2024-05-09 11:46:46,789,OFF
2024-05-09 11:46:48,823,OFF
2024-05-09 11:46:50,816,OFF
2024-05-09 11:46:52,823,OFF
2024-05-09 11:46:54,834,OFF
2024-05-09 11:46:56,853,OFF
2024-05-09 11:46:58,842,OFF
2024-05-09 11:47:00,834,OFF
2024-05-09 11:47:02,818,OFF
2024-05-09 11:47:04,918,ON
2024-05-09 11:47:06,817,OFF
2024-05-09 11:47:08,826,OFF
2024-05-09 11:47:10,847,OFF
2024-05-09 11:47:12,863,OFF
2024-05-09 11:47:14,978,ON
2024-05-09 11:47:16,849,OFF
2024-05-09 11:47:18,799,OFF
2024-05-09 11:47:20,868,OFF
2024-05-09 11:47:22,938,ON
2024-05-09 11:47:24,821,OFF
2024-05-09 11:47:26,913,ON
2024-05-09 11:47:28,1106,ON
2024-05-09 11:47:30,811,OFF
2024-05-09 11:47:32,909,OFF
2024-05-09 11:47:34,842,OFF
2024-05-09 11:47:36,870,OFF
2024-05-09 11:47:38,829,OFF
2024-05-09 11:47:40,829,OFF
2024-05-09 11:47:42,846,OFF
2024-05-09 11:47:44,1034,ON
2024-05-09 11:47:46,819,OFF
2024-05-09 11:47:48,864,OFF
2024-05-09 11:47:50,847,OFF
2024-05-09 11:47:52,960,ON
2024-05-09 11:47:54,828,OFF
2024-05-09 11:47:56,855,OFF
2024-05-09 11:47:58,830,OFF
2024-05-09 11:48:00,804,OFF
2024-05-09 11:48:02,840,OFF
2024-05-09 11:48:04,834,OFF
2024-05-09 11:48:06,816,OFF
2024-05-09 11:48:08,1004,ON
2024-05-09 11:48:10,844,OFF
2024-05-09 11:48:12,875,OFF
2024-05-09 11:48:14,949,ON
2024-05-09 11:48:16,964,ON
2024-05-09 11:48:18,876,OFF
2024-05-09 11:48:20,878,OFF
2024-05-09 11:48:22,843,OFF
2024-05-09 11:48:24,910,OFF
2024-05-09 11:48:26,852,ON
2024-05-09 11:48:28,835,OFF
2024-05-09 11:48:30,857,OFF
2024-05-09 11:48:32,842,OFF
2024-05-09 11:48:34,813,OFF
2024-05-09 11:48:36,942,ON
2024-05-09 11:48:38,900,OFF
2024-05-09 11:48:40,851,OFF
2024-05-09 11:48:42,870,OFF
2024-05-09 11:48:44,813,OFF
2024-05-09 11:48:46,833,OFF
2024-05-09 11:48:48,916,ON
2024-05-09 11:48:50,822,OFF
2024-05-09 11:48:52,817,OFF
2024-05-09 11:48:54,893,OFF
2024-05-09 11:48:56,925,ON
2024-05-09 11:48:58,892,OFF
2024-05-09 11:49:00,896,OFF
2024-05-09 11:49:02,845,OFF
2024-05-09 11:49:04,882,OFF
2024-05-09 11:49:06,912,ON
2024-05-09 11:49:08,836,OFF
2024-05-09 11:49:10,815,OFF
2024-05-09 11:49:12,947,ON
2024-05-09 11:49:14,866,OFF
2024-05-09 11:49:16,955,ON
2024-05-09 11:49:18,873,OFF
2024-05-09 11:49:20,858,OFF
2024-05-09 11:49:22,909,ON
2024-05-09 11:49:24,898,OFF
2024-05-09 11:49:26,941,ON
2024-05-09 11:49:28,897,OFF
2024-05-09 11:49:30,848,OFF
2024-05-09 11:49:32,839,OFF
2024-05-09 11:49:34,911,ON
2024-05-09 11:49:36,1304,ON
2024-05-09 11:49:38,878,OFF
2024-05-09 11:49:40,936,ON
2024-05-09 11:49:42,826,OFF
2024-05-09 11:49:44,912,ON
2024-05-09 11:49:46,1049,ON
2024-05-09 11:49:48,871,OFF
2024-05-09 11:49:50,866,OFF
2024-05-09 11:49:52,940,ON
2024-05-09 11:49:54,1049,ON
2024-05-09 11:49:56,942,OFF
2024-05-09 11:49:58,928,OFF
2024-05-09 11:50:00,855,ON
2024-05-09 11:50:02,944,OFF
2024-05-09 11:50:04,873,ON
2024-05-09 11:50:06,990,ON
2024-05-09 11:50:08,977,OFF
2024-05-09 11:50:10,837,ON
2024-05-09 11:50:12,966,ON
2024-05-09 11:50:14,1113,ON
2024-05-09 11:50:16,875,OFF
2024-05-09 11:50:18,854,OFF
2024-05-09 11:50:20,958,ON
2024-05-09 11:50:22,937,ON
2024-05-09 11:50:24,874,OFF
2024-05-09 11:50:26,833,OFF
2024-05-09 11:50:28,917,OFF
2024-05-09 11:50:30,867,ON
2024-05-09 11:50:32,961,ON
2024-05-09 11:50:34,920,OFF
2024-05-09 11:50:36,878,OFF
2024-05-09 11:50:38,918,ON
2024-05-09 11:50:40,890,OFF
2024-05-09 11:50:42,927,OFF
2024-05-09 11:50:44,918,OFF
2024-05-09 11:50:46,874,ON
2024-05-09 11:50:48,879,OFF
2024-05-09 11:50:50,840,OFF
2024-05-09 11:50:52,923,ON
2024-05-09 11:50:54,884,ON
2024-05-09 11:50:56,1038,ON
2024-05-09 11:50:58,966,ON
2024-05-09 11:51:00,1025,OFF
2024-05-09 11:51:02,1034,ON
2024-05-09 11:51:04,842,ON
2024-05-09 11:51:06,951,OFF
2024-05-09 11:51:08,894,ON
2024-05-09 11:51:10,913,ON
2024-05-09 11:51:12,939,ON
2024-05-09 11:51:14,879,ON
2024-05-09 11:51:16,866,ON
2024-05-09 11:51:18,966,ON
2024-05-09 11:51:20,953,ON
2024-05-09 11:51:22,898,ON
2024-05-09 11:51:24,1004,ON
2024-05-09 11:51:26,925,ON
2024-05-09 11:51:28,919,ON
2024-05-09 11:51:30,887,ON
2024-05-09 11:51:32,900,ON
2024-05-09 11:51:34,903,ON
2024-05-09 11:51:36,891,ON
2024-05-09 11:51:38,943,ON
2024-05-09 11:51:40,932,ON
2024-05-09 11:51:42,854,ON
2024-05-09 11:51:44,964,ON
2024-05-09 11:51:46,918,ON
2024-05-09 12:05:10,1030,OFF
2024-05-09 12:05:12,995,OFF
2024-05-09 12:05:14,1003,OFF
2024-05-09 12:05:16,1006,OFF
2024-05-09 12:05:18,979,OFF
2024-05-09 12:05:20,1054,OFF
2024-05-09 12:05:22,1058,OFF
2024-05-09 12:05:24,985,OFF
2024-05-09 12:05:26,985,OFF
2024-05-09 12:05:28,985,OFF
2024-05-09 12:05:30,985,OFF
2024-05-09 12:10:50,664,OFF
2024-05-09 12:10:52,721,OFF
2024-05-09 12:10:54,664,OFF
2024-05-09 12:11:33,648,OFF
2024-05-09 12:11:35,646,OFF
2024-05-09 12:11:37,659,OFF
2024-05-09 12:11:39,669,OFF
2024-05-09 12:11:41,689,OFF
2024-05-09 12:11:43,651,OFF
2024-05-09 12:11:45,679,OFF
2024-05-09 12:11:47,670,OFF
2024-05-09 12:14:27,824,OFF
2024-05-09 12:14:29,769,OFF
2024-05-09 12:14:31,741,OFF
2024-05-09 12:14:33,746,OFF
2024-05-09 12:14:35,778,OFF
2024-05-09 12:14:37,723,OFF
2024-05-09 12:14:39,724,OFF
2024-05-09 12:14:41,791,OFF
2024-05-09 12:14:43,788,OFF
2024-05-09 12:14:45,744,OFF
2024-05-09 12:14:47,709,OFF
2024-05-09 12:14:49,738,OFF
2024-05-09 12:14:51,710,OFF
2024-05-09 12:14:53,750,OFF
2024-05-09 12:14:55,816,OFF
2024-05-09 12:14:57,763,OFF
2024-05-09 12:14:59,757,OFF
2024-05-09 12:15:01,858,OFF
2024-05-09 12:15:03,745,OFF
2024-05-09 12:15:05,745,OFF
2024-05-09 12:15:07,751,OFF
2024-05-09 12:15:09,812,OFF
2024-05-09 12:15:11,796,OFF
2024-05-09 12:15:13,783,OFF
2024-05-09 12:15:15,752,OFF
2024-05-09 12:15:17,758,OFF
2024-05-09 12:15:19,781,OFF
2024-05-09 12:15:21,818,OFF
2024-05-09 12:15:23,729,OFF
2024-05-09 12:15:25,722,OFF
2024-05-09 12:15:27,821,OFF
2024-05-09 12:15:29,828,OFF
2024-05-09 12:15:31,835,OFF
2024-05-09 12:15:33,786,OFF
2024-05-09 12:15:35,799,OFF
2024-05-09 12:15:37,756,OFF
2024-05-09 12:15:39,725,OFF
2024-05-09 12:15:41,746,OFF
2024-05-09 12:15:43,811,OFF
2024-05-09 12:15:45,766,OFF
2024-05-09 12:15:47,783,OFF
2024-05-09 12:15:49,768,OFF
2024-05-09 12:15:51,804,OFF
2024-05-09 12:15:53,781,OFF
2024-05-09 12:15:55,779,OFF
2024-05-09 12:15:57,753,OFF
2024-05-09 12:15:59,729,OFF
2024-05-09 12:16:01,813,OFF
2024-05-09 12:16:03,796,OFF
2024-05-09 12:16:05,750,OFF
2024-05-09 12:16:07,767,OFF
2024-05-09 12:16:09,784,OFF
2024-05-09 12:16:11,768,OFF
2024-05-09 12:16:13,738,OFF
2024-05-09 12:16:15,848,OFF
2024-05-09 12:16:17,762,OFF
2024-05-09 12:16:19,755,OFF
2024-05-09 12:16:21,747,OFF
2024-05-09 12:16:23,739,OFF
2024-05-09 12:16:25,797,OFF
2024-05-09 12:16:27,841,OFF
2024-05-09 12:16:29,782,OFF
2024-05-09 12:16:31,802,OFF
2024-05-09 12:16:33,802,OFF
2024-05-09 12:16:35,792,OFF
2024-05-09 12:16:37,791,OFF
2024-05-09 12:16:39,775,OFF
2024-05-09 12:16:41,772,OFF
2024-05-09 12:16:43,791,OFF
2024-05-09 12:16:45,763,OFF
2024-05-09 12:16:47,755,OFF
2024-05-09 12:16:49,812,OFF
2024-05-09 12:16:51,793,OFF
2024-05-09 12:16:53,778,OFF
2024-05-09 12:16:55,748,OFF
2024-05-09 12:16:57,809,OFF
2024-05-09 12:16:59,797,OFF
2024-05-09 12:17:01,916,OFF
2024-05-09 12:17:03,752,OFF
2024-05-09 12:17:05,935,OFF
2024-05-09 12:17:07,763,OFF
2024-05-09 12:17:09,833,OFF
2024-05-09 12:17:11,788,OFF
2024-05-09 12:17:13,816,OFF
2024-05-09 12:17:15,779,OFF
2024-05-09 12:17:17,776,OFF
2024-05-09 12:17:19,822,OFF
2024-05-09 12:17:21,775,OFF
2024-05-09 12:17:23,843,OFF
2024-05-09 12:17:25,798,OFF
2024-05-09 12:17:27,832,OFF
2024-05-09 12:17:29,863,OFF
2024-05-09 12:17:31,861,OFF
2024-05-09 12:17:33,791,OFF
2024-05-09 12:17:35,846,OFF
2024-05-09 12:17:37,791,OFF
2024-05-09 12:17:39,788,OFF
2024-05-09 12:17:41,849,OFF
2024-05-09 12:17:43,851,OFF
2024-05-09 12:17:45,786,OFF
2024-05-09 12:17:47,796,OFF
2024-05-09 12:17:49,786,OFF
2024-05-09 12:17:51,785,OFF
2024-05-09 12:17:53,779,OFF
2024-05-09 12:17:55,769,OFF
2024-05-09 12:17:57,835,OFF
2024-05-09 12:17:59,805,OFF
2024-05-09 12:18:01,871,OFF
2024-05-09 12:18:03,767,OFF
2024-05-09 12:18:05,767,OFF
2024-05-09 12:18:07,830,OFF
2024-05-09 12:18:09,802,OFF
2024-05-09 12:18:11,781,OFF
2024-05-09 12:18:13,845,OFF
2024-05-09 12:18:15,791,OFF
2024-05-09 12:18:17,840,OFF
2024-05-09 12:18:19,813,OFF
2024-05-09 12:18:21,836,OFF
2024-05-09 12:18:23,879,OFF
2024-05-09 12:18:25,899,OFF
2024-05-09 12:18:27,918,OFF
2024-05-09 12:18:29,828,OFF
2024-05-09 12:18:31,793,OFF
2024-05-09 12:18:33,814,OFF
2024-05-09 12:18:35,873,OFF
2024-05-09 12:18:37,830,OFF
2024-05-09 12:18:39,836,OFF
2024-05-09 12:18:41,836,OFF
2024-05-09 12:18:43,854,OFF
2024-05-09 12:18:45,814,OFF
2024-05-09 12:18:47,847,OFF
2024-05-09 12:18:49,855,OFF
2024-05-09 12:18:51,845,OFF
2024-05-09 12:18:53,851,OFF
2024-05-09 12:18:55,788,OFF
2024-05-09 12:18:57,785,OFF
2024-05-09 12:18:59,798,OFF
2024-05-09 12:19:01,892,OFF
2024-05-09 12:19:03,897,OFF
2024-05-09 12:19:05,835,OFF
2024-05-09 12:19:07,863,OFF
2024-05-09 12:19:09,839,OFF
2024-05-09 12:19:11,829,OFF
2024-05-09 12:19:13,877,OFF
2024-05-09 12:19:15,786,OFF
2024-05-09 12:19:17,844,OFF
2024-05-09 12:19:19,870,OFF
2024-05-09 12:19:21,832,OFF
2024-05-09 12:19:23,839,OFF
2024-05-09 12:19:25,854,OFF
2024-05-09 12:19:27,916,OFF
2024-05-09 12:19:29,809,OFF
2024-05-09 12:19:31,877,OFF
2024-05-09 12:19:33,826,OFF
2024-05-09 12:19:35,882,OFF
2024-05-09 12:19:37,887,OFF
2024-05-09 12:19:39,826,OFF
2024-05-09 12:19:41,851,OFF
2024-05-09 12:19:43,853,OFF
2024-05-09 12:19:45,897,OFF
2024-05-09 12:19:47,842,OFF
2024-05-09 12:19:49,860,OFF
2024-05-09 12:19:51,913,OFF
2024-05-09 12:19:53,806,OFF
2024-05-09 12:19:55,839,OFF
2024-05-09 12:19:57,830,OFF
2024-05-09 12:19:59,801,OFF
2024-05-09 12:20:01,884,OFF
2024-05-09 12:20:03,923,OFF
2024-05-09 12:20:05,855,OFF
2024-05-09 12:20:07,830,OFF
2024-05-09 12:20:09,875,OFF
2024-05-09 12:20:11,803,OFF
2024-05-09 12:20:13,844,OFF
2024-05-09 12:20:15,848,OFF
2024-05-09 12:20:17,834,OFF
2024-05-09 12:20:19,919,OFF
2024-05-09 12:20:21,851,OFF
2024-05-09 12:20:23,827,OFF
2024-05-09 12:20:25,850,OFF
2024-05-09 12:20:27,858,OFF
2024-05-09 12:20:29,871,OFF
2024-05-09 12:20:31,832,OFF
2024-05-09 12:20:33,824,OFF
2024-05-09 12:20:35,913,OFF
2024-05-09 12:20:37,854,OFF
2024-05-09 12:20:39,806,OFF
2024-05-09 12:20:41,816,OFF
2024-05-09 12:20:43,889,OFF
2024-05-09 12:20:45,878,OFF
2024-05-09 12:20:47,848,OFF
2024-05-09 12:20:49,824,OFF
2024-05-09 12:20:51,843,OFF
2024-05-09 12:20:53,864,OFF
2024-05-09 12:20:55,904,OFF
2024-05-09 12:20:57,913,OFF
2024-05-09 12:20:59,820,OFF
2024-05-09 12:21:01,948,OFF
2024-05-09 12:21:03,892,OFF
2024-05-09 12:21:05,813,OFF
2024-05-09 12:21:07,864,OFF
2024-05-09 12:21:09,816,OFF
2024-05-09 12:21:11,842,OFF
2024-05-09 12:21:13,837,OFF
2024-05-09 12:21:15,841,OFF
2024-05-09 12:21:17,889,OFF
2024-05-09 12:21:19,833,OFF
2024-05-09 12:21:21,878,OFF
2024-05-09 12:21:23,875,OFF
2024-05-09 12:21:25,826,OFF
2024-05-09 12:21:27,909,OFF
2024-05-09 12:21:29,886,OFF
2024-05-09 12:21:31,934,OFF
2024-05-09 12:21:33,1046,OFF
2024-05-09 12:21:35,851,OFF
2024-05-09 12:21:37,893,OFF
2024-05-09 12:21:39,923,OFF
2024-05-09 12:21:41,884,OFF
2024-05-09 12:21:43,928,OFF
2024-05-09 12:21:45,907,OFF
2024-05-09 12:21:47,870,OFF
2024-05-09 12:21:49,870,OFF
2024-05-09 12:21:51,855,OFF
2024-05-09 12:21:53,914,OFF
2024-05-09 12:21:55,859,OFF
2024-05-09 12:21:57,864,OFF
2024-05-09 12:21:59,899,OFF
2024-05-09 12:22:01,861,OFF
2024-05-09 12:22:03,883,OFF
2024-05-09 12:22:05,879,OFF
2024-05-09 12:22:07,880,OFF
2024-05-09 12:22:09,881,OFF
2024-05-09 12:22:11,927,OFF
2024-05-09 12:22:13,865,OFF
2024-05-09 12:22:15,913,OFF
2024-05-09 12:22:17,849,OFF
2024-05-09 12:22:19,902,OFF
2024-05-09 12:22:21,848,OFF
2024-05-09 12:22:23,964,OFF
2024-05-09 12:22:25,1026,OFF
2024-05-09 12:22:27,955,OFF
2024-05-09 12:22:29,971,OFF
2024-05-09 12:22:31,856,OFF
2024-05-09 12:22:33,870,OFF
2024-05-09 12:22:35,864,OFF
2024-05-09 12:22:37,913,OFF
2024-05-09 12:22:39,910,OFF
2024-05-09 12:22:41,856,OFF
2024-05-09 12:22:43,886,OFF
2024-05-09 12:22:45,886,OFF
2024-05-09 12:22:47,839,OFF
2024-05-09 12:22:49,900,OFF
2024-05-09 12:22:51,980,OFF
2024-05-09 12:22:53,874,OFF
2024-05-09 12:22:55,838,OFF
2024-05-09 12:22:57,879,OFF
2024-05-09 12:22:59,947,OFF
2024-05-09 12:23:01,873,OFF
2024-05-09 12:23:03,858,OFF
2024-05-09 12:23:05,926,OFF
2024-05-09 12:23:07,863,OFF
2024-05-09 12:23:09,905,OFF
2024-05-09 12:23:11,921,OFF
2024-05-09 12:23:13,947,OFF
2024-05-09 12:23:15,933,OFF
2024-05-09 12:23:17,986,OFF
2024-05-09 12:23:19,896,OFF
2024-05-09 12:23:21,913,OFF
2024-05-09 12:23:23,873,OFF
2024-05-09 12:23:25,935,OFF
2024-05-09 12:23:27,1006,OFF
2024-05-09 12:23:29,970,OFF
2024-05-09 12:23:31,874,OFF
2024-05-09 12:23:33,881,OFF
2024-05-09 12:23:48,918,OFF
2024-05-09 12:23:50,964,OFF
2024-05-09 12:23:52,880,OFF
2024-05-09 12:23:54,925,OFF
2024-05-09 12:23:56,913,OFF
2024-05-09 12:23:58,876,OFF
2024-05-09 12:24:00,938,OFF
2024-05-09 12:24:02,859,OFF
2024-05-09 12:24:04,859,OFF
2024-05-09 12:24:06,962,OFF
2024-05-09 12:24:08,970,OFF
2024-05-09 12:24:10,909,OFF
2024-05-09 12:24:12,905,OFF
2024-05-09 12:24:14,905,OFF
2024-05-09 12:24:16,921,OFF
2024-05-09 12:24:18,944,OFF
2024-05-09 12:24:20,901,OFF
2024-05-09 12:24:22,892,OFF
2024-05-09 12:24:24,911,OFF
2024-05-09 12:24:26,960,ON
2024-05-09 12:24:28,1054,ON
2024-05-09 12:24:30,1069,ON
2024-05-09 12:24:32,925,ON
2024-05-09 12:24:34,993,ON
2024-05-09 12:24:36,1004,ON
2024-05-09 12:24:38,970,ON
2024-05-09 12:24:40,895,ON
2024-05-09 12:24:42,962,ON
2024-05-09 12:24:44,973,ON
2024-05-09 12:24:46,1122,ON
2024-05-09 12:24:48,1137,ON
2024-05-09 12:24:50,1018,ON
2024-05-09 12:24:52,978,ON
2024-05-09 12:24:54,1035,ON
2024-05-09 12:24:56,1054,ON
2024-05-09 12:24:58,1138,ON
2024-05-09 12:25:00,997,OFF
2024-05-09 12:25:02,960,OFF
2024-05-09 12:25:04,975,ON
2024-05-09 12:25:06,1030,ON
2024-05-09 12:25:08,977,ON
2024-05-09 12:25:10,955,ON
2024-05-09 12:25:12,943,ON
2024-05-09 12:25:14,1060,ON
2024-05-09 12:25:16,1125,ON
2024-05-09 12:25:18,1034,ON
2024-05-09 12:25:20,1098,ON
2024-05-09 12:25:22,996,ON
2024-05-09 12:25:24,1069,ON
2024-05-09 12:25:26,1123,ON
2024-05-09 12:25:28,1153,ON
2024-05-09 12:25:30,1000,ON
2024-05-09 12:25:32,971,ON
2024-05-09 12:25:34,908,ON
2024-05-09 12:25:36,1031,ON
2024-05-09 12:25:38,1104,ON
2024-05-09 12:25:40,1020,ON
2024-05-09 12:25:42,1026,ON
2024-05-09 12:25:44,1046,ON
2024-05-09 12:25:46,928,ON
2024-05-09 12:25:48,945,ON
2024-05-09 12:25:50,910,ON
2024-05-09 12:25:52,1179,ON
2024-05-09 12:25:54,1014,ON
2024-05-09 12:25:56,1013,ON
2024-05-09 12:25:58,1008,ON
2024-05-09 12:26:00,1057,ON
2024-05-09 12:26:02,917,ON
2024-05-09 12:26:04,1015,ON
2024-05-09 12:26:06,981,ON
2024-05-09 12:26:08,1109,ON
2024-05-09 12:26:10,1033,ON
2024-05-09 12:26:12,1026,ON
2024-05-09 12:26:14,1114,ON
2024-05-09 12:26:42,912,OFF
2024-05-09 12:26:44,1016,OFF
2024-05-09 12:26:46,998,OFF
2024-05-09 12:26:48,917,OFF
2024-05-09 12:26:50,898,OFF
2024-05-09 12:26:52,941,OFF
2024-05-09 12:26:54,971,OFF
2024-05-09 12:26:56,1009,OFF
2024-05-09 12:26:58,1010,OFF
2024-05-09 12:27:00,935,OFF
2024-05-09 12:27:02,987,OFF
2024-05-09 12:27:04,917,OFF
2024-05-09 12:27:06,965,OFF
2024-05-09 12:27:08,941,OFF
2024-05-09 12:27:10,980,OFF
2024-05-09 12:27:12,992,OFF
2024-05-09 12:27:14,933,OFF
2024-05-09 12:27:16,903,OFF
2024-05-09 12:27:18,939,OFF
2024-05-09 12:27:20,1000,OFF
2024-05-09 12:27:22,1031,OFF
2024-05-09 12:27:24,996,OFF
2024-05-09 12:27:26,992,OFF
2024-05-09 12:27:28,1038,OFF
2024-05-09 12:27:31,920,OFF
2024-05-09 12:27:32,1006,OFF
2024-05-09 12:27:34,964,OFF
2024-05-09 12:27:36,1013,OFF
2024-05-09 12:27:38,939,OFF
2024-05-09 12:27:40,967,OFF
2024-05-09 12:27:42,919,OFF
2024-05-09 12:27:44,907,OFF
2024-05-09 12:27:46,994,OFF
2024-05-09 12:27:48,923,OFF
2024-05-09 12:27:50,936,OFF
2024-05-09 12:27:52,948,OFF
2024-05-09 12:27:54,958,OFF
2024-05-09 12:27:56,986,OFF
2024-05-09 12:27:58,999,OFF
2024-05-09 12:28:00,1034,OFF
2024-05-09 12:28:02,936,OFF
2024-05-09 12:28:04,954,OFF
2024-05-09 12:28:06,978,OFF
2024-05-09 12:28:08,1001,OFF
2024-05-09 12:28:10,948,OFF
2024-05-09 12:28:12,927,OFF
2024-05-09 12:28:14,1056,OFF
2024-05-09 12:28:16,1015,OFF
2024-05-09 12:28:18,992,OFF
2024-05-09 12:28:20,1002,OFF
2024-05-09 12:28:22,956,OFF
2024-05-09 12:28:24,1056,OFF
2024-05-09 12:28:26,1080,OFF
2024-05-09 12:28:28,1054,OFF
2024-05-09 12:28:30,954,OFF
2024-05-09 12:28:32,941,OFF
2024-05-09 12:28:34,1045,OFF
2024-05-09 12:28:36,1010,OFF
2024-05-09 12:28:38,957,OFF
2024-05-09 12:28:40,979,OFF
2024-05-09 12:28:42,987,OFF
2024-05-09 12:28:44,953,OFF
2024-05-09 12:28:46,948,OFF
2024-05-09 12:28:48,923,OFF
2024-05-09 12:28:50,944,OFF
2024-05-09 12:28:52,963,OFF
2024-05-09 12:28:54,1044,OFF
2024-05-09 12:28:56,943,OFF
2024-05-09 12:28:58,1009,OFF
2024-05-09 12:29:00,1020,OFF
2024-05-09 12:29:02,924,OFF
2024-05-09 12:29:04,973,OFF
2024-05-09 12:29:06,929,OFF
2024-05-09 12:29:08,1014,OFF
2024-05-09 12:29:10,925,OFF
2024-05-09 12:29:12,932,OFF
2024-05-09 12:29:14,1104,OFF
2024-05-09 12:29:16,946,OFF
2024-05-09 12:29:18,977,OFF
2024-05-09 12:29:20,1050,OFF
2024-05-09 12:29:22,982,OFF
2024-05-09 12:29:24,1000,OFF
2024-05-09 12:29:26,1030,OFF
2024-05-09 12:29:28,1009,OFF
2024-05-09 12:29:30,965,OFF
2024-05-09 12:29:32,971,OFF
2024-05-09 12:29:34,992,OFF
2024-05-09 12:29:36,1026,OFF
2024-05-09 12:29:38,931,OFF
2024-05-09 12:29:40,997,OFF
2024-05-09 12:29:42,969,OFF
2024-05-09 12:29:44,969,OFF
2024-05-09 12:29:46,972,OFF
2024-05-09 12:29:48,962,OFF
2024-05-09 12:29:50,989,OFF
2024-05-09 12:29:52,988,OFF
2024-05-09 12:29:54,969,OFF
2024-05-09 12:29:56,970,OFF
2024-05-09 12:29:58,1032,OFF
2024-05-09 12:30:00,949,OFF
2024-05-09 12:30:02,941,OFF
2024-05-09 12:30:04,941,OFF
2024-05-09 12:30:06,1107,OFF
2024-05-09 12:30:08,978,OFF
2024-05-09 12:30:10,971,OFF
2024-05-09 12:30:12,984,OFF
2024-05-09 12:30:14,949,OFF
2024-05-09 12:30:16,1000,OFF
2024-05-09 12:30:18,1071,OFF
2024-05-09 12:30:20,1015,OFF
2024-05-09 12:30:22,986,OFF
2024-05-09 12:30:24,1050,OFF
2024-05-09 12:30:26,1086,OFF
2024-05-09 12:30:28,982,OFF
2024-05-09 12:30:30,943,OFF
2024-05-09 12:30:32,1194,OFF
2024-05-09 12:30:34,990,OFF
2024-05-09 12:30:36,1023,OFF
2024-05-09 12:30:38,943,OFF
2024-05-09 12:30:40,972,OFF
2024-05-09 12:30:42,995,OFF
2024-05-09 12:30:44,1158,OFF
2024-05-09 12:30:46,994,OFF
2024-05-09 12:30:48,1130,OFF
2024-05-09 12:30:50,1003,OFF
2024-05-09 12:30:52,1021,OFF
2024-05-09 12:30:54,970,OFF
2024-05-09 12:30:56,1002,OFF
2024-05-09 12:30:58,1044,OFF
2024-05-09 12:31:00,1040,OFF
2024-05-09 12:31:02,983,OFF
2024-05-09 12:31:04,995,OFF
2024-05-09 12:31:06,980,OFF
2024-05-09 12:31:08,1111,OFF
2024-05-09 12:31:10,1126,OFF
2024-05-09 12:31:12,1073,OFF
2024-05-09 12:31:14,1017,OFF
2024-05-09 12:31:16,1097,OFF
2024-05-09 12:31:18,1026,OFF
2024-05-09 12:31:20,955,OFF
2024-05-09 12:31:22,1016,OFF
2024-05-09 12:31:24,1021,OFF
2024-05-09 12:31:26,1040,OFF
2024-05-09 12:31:28,1046,OFF
2024-05-09 12:31:30,1060,OFF
2024-05-09 12:31:32,991,OFF
2024-05-09 12:31:34,1068,OFF
2024-05-09 12:31:36,1032,OFF
2024-05-09 12:31:38,969,OFF
2024-05-09 12:31:40,987,OFF
2024-05-09 12:31:42,1054,OFF
2024-05-09 12:31:44,980,OFF
2024-05-09 12:31:46,1054,OFF
2024-05-09 12:31:48,1065,OFF
2024-05-09 12:31:50,1024,OFF
2024-05-09 12:31:52,1019,OFF
2024-05-09 12:31:54,1040,OFF
2024-05-09 12:31:56,1051,OFF
2024-05-09 12:31:58,997,OFF
2024-05-09 12:32:00,1148,OFF
2024-05-09 12:32:02,1007,OFF
2024-05-09 12:32:04,1068,OFF
2024-05-09 12:32:06,991,OFF
2024-05-09 12:32:08,1042,OFF
2024-05-09 12:32:10,1024,OFF
2024-05-09 12:32:12,1033,OFF
2024-05-09 12:32:14,1057,OFF
2024-05-09 12:32:16,1016,OFF
2024-05-09 12:32:18,995,OFF
2024-05-09 12:32:20,1010,OFF
2024-05-09 12:32:22,998,OFF
2024-05-09 12:32:24,1033,OFF
2024-05-09 12:32:26,974,OFF
2024-05-09 12:32:28,986,OFF
2024-05-09 12:32:30,1156,OFF
2024-05-09 12:32:32,1042,OFF
2024-05-09 12:32:34,1012,OFF
2024-05-09 12:32:36,990,OFF
2024-05-09 12:32:38,1058,OFF
2024-05-09 12:32:40,1049,OFF
2024-05-09 12:32:42,1029,OFF
2024-05-09 12:32:44,1049,OFF
2024-05-09 12:32:46,1036,OFF
2024-05-09 12:32:48,1062,OFF
2024-05-09 12:32:50,1049,OFF
2024-05-09 12:32:52,1093,OFF
2024-05-09 12:32:54,1058,OFF
2024-05-09 12:32:56,993,OFF
2024-05-09 12:32:58,1047,OFF
2024-05-09 12:33:00,1006,OFF
2024-05-09 12:33:02,1004,OFF
2024-05-09 12:33:04,1071,OFF
2024-05-09 12:33:06,1034,OFF
2024-05-09 12:33:08,1000,OFF
2024-05-09 12:33:10,1015,OFF
2024-05-09 12:33:12,999,OFF
2024-05-09 12:33:14,1051,OFF
2024-05-09 12:33:16,1069,OFF
2024-05-09 12:33:18,1047,OFF
2024-05-09 12:33:20,1060,OFF
2024-05-09 12:33:22,1046,OFF
2024-05-09 12:33:24,1049,OFF
2024-05-09 12:33:26,1044,OFF
2024-05-09 12:33:28,1159,OFF
2024-05-09 12:33:30,1180,OFF
2024-05-09 12:33:32,1006,OFF
2024-05-09 12:33:34,1042,OFF
2024-05-09 12:33:36,1040,OFF
2024-05-09 12:33:38,994,OFF
2024-05-09 12:33:40,998,OFF
2024-05-09 12:33:42,1060,OFF
2024-05-09 12:33:44,1002,OFF
2024-05-09 12:33:46,1024,OFF
2024-05-09 12:33:48,1077,OFF
2024-05-09 12:33:50,1099,OFF
2024-05-09 12:33:52,1048,OFF
2024-05-09 12:33:54,1099,OFF
2024-05-09 12:33:56,1039,OFF
2024-05-09 12:33:58,1055,OFF
2024-05-09 12:34:00,1021,OFF
2024-05-09 12:34:02,1021,OFF
2024-05-09 12:34:04,1003,OFF
2024-05-09 12:34:06,1034,OFF
2024-05-09 12:34:08,1011,OFF
2024-05-09 12:34:10,1034,OFF
2024-05-09 12:34:12,1122,OFF
2024-05-09 12:34:14,1020,OFF
2024-05-09 12:34:16,1051,OFF
2024-05-09 12:34:18,1071,OFF
2024-05-09 12:34:20,1174,OFF
2024-05-09 12:34:22,1036,OFF
2024-05-09 12:34:24,1046,OFF
2024-05-09 12:34:26,1110,OFF
2024-05-09 12:34:28,1100,OFF
2024-05-09 12:34:30,1075,OFF
2024-05-09 12:34:32,1066,OFF
2024-05-09 12:34:34,1008,OFF
2024-05-09 12:34:36,1049,OFF
2024-05-09 12:34:38,1074,OFF
2024-05-09 12:34:40,1092,OFF
2024-05-09 12:34:42,1093,OFF
2024-05-09 12:34:44,1062,OFF
2024-05-09 12:34:46,1093,OFF
2024-05-09 12:34:48,1077,OFF
2024-05-09 12:34:50,1065,OFF
2024-05-09 12:34:52,1072,OFF
2024-05-09 12:34:54,1069,OFF
2024-05-09 12:34:56,1184,OFF
2024-05-09 12:34:58,1048,OFF
2024-05-09 12:35:00,1192,OFF
2024-05-09 12:35:02,1037,OFF
2024-05-09 12:35:04,1051,OFF
2024-05-09 12:35:06,1037,OFF
2024-05-09 12:35:08,1097,OFF
2024-05-09 12:35:10,1068,OFF
2024-05-09 12:35:12,1050,OFF
2024-05-09 12:35:14,1119,OFF
2024-05-09 12:35:16,1105,OFF
2024-05-09 12:35:18,1103,OFF
2024-05-09 12:35:20,1110,OFF
2024-05-09 12:35:22,1058,OFF
2024-05-09 12:35:24,1090,OFF
2024-05-09 12:35:26,1202,OFF
2024-05-09 12:35:28,1058,OFF
2024-05-09 12:35:30,1105,OFF
2024-05-09 12:35:32,1113,OFF
2024-05-09 12:35:34,1086,OFF
2024-05-09 12:35:36,1093,OFF
2024-05-09 12:35:38,1080,OFF
2024-05-09 12:35:40,1058,OFF
2024-05-09 12:35:42,1098,OFF
2024-05-09 12:35:44,1052,OFF
2024-05-09 12:35:46,1114,OFF
2024-05-09 12:35:48,1095,OFF
2024-05-09 12:35:50,1221,OFF
2024-05-09 12:35:52,1032,OFF
2024-05-09 12:35:54,1048,OFF
2024-05-09 12:35:56,1031,OFF
2024-05-09 12:35:58,1033,OFF
2024-05-09 12:36:00,1086,OFF
2024-05-09 12:36:02,1136,OFF
2024-05-09 12:36:04,1091,OFF
2024-05-09 12:36:06,1064,OFF
2024-05-09 12:36:08,1133,OFF
2024-05-09 12:36:10,1140,OFF
2024-05-09 12:36:12,1084,OFF
2024-05-09 12:36:14,1056,OFF
2024-05-09 12:36:16,1074,OFF
2024-05-09 12:36:18,1079,OFF
2024-05-09 12:36:20,1073,OFF
2024-05-09 12:36:22,1081,OFF
2024-05-09 12:36:24,1060,OFF
2024-05-09 12:36:26,1080,OFF
2024-05-09 12:36:28,1120,OFF
2024-05-09 12:36:30,1145,OFF
2024-05-09 12:36:32,1123,OFF
2024-05-09 12:36:34,1077,OFF
2024-05-09 12:36:36,1073,OFF
2024-05-09 12:36:38,1064,OFF
2024-05-09 12:36:40,1111,OFF
2024-05-09 12:36:42,1222,OFF
2024-05-09 12:36:44,1129,OFF
2024-05-09 12:36:46,1063,OFF
2024-05-09 12:36:48,1086,OFF
2024-05-09 12:36:50,1071,OFF
2024-05-09 12:36:52,1099,OFF
2024-05-09 12:36:54,1116,OFF
2024-05-09 12:36:56,1078,OFF
2024-05-09 12:36:58,1160,OFF
2024-05-09 12:37:00,1122,OFF
2024-05-09 12:37:02,1098,OFF
2024-05-09 12:37:04,1094,OFF
2024-05-09 12:37:06,1123,OFF
2024-05-09 12:37:08,1065,OFF
2024-05-09 12:37:10,1117,OFF
2024-05-09 12:37:12,1117,OFF
2024-05-09 12:37:14,1106,OFF
2024-05-09 12:37:16,1095,OFF
2024-05-09 12:37:18,1050,OFF
2024-05-09 12:37:20,1113,OFF
2024-05-09 12:37:22,1154,OFF
2024-05-09 12:37:24,1081,OFF
2024-05-09 12:37:26,1095,OFF
2024-05-09 12:37:28,1080,OFF
2024-05-09 12:37:30,1137,OFF
2024-05-09 12:37:32,1135,OFF
2024-05-09 12:37:34,1166,OFF
2024-05-09 12:37:36,1102,OFF
2024-05-09 12:37:38,1058,OFF
2024-05-09 12:37:40,1126,OFF
2024-05-09 12:37:42,1126,OFF
2024-05-09 12:37:44,1063,OFF
2024-05-09 12:37:46,1104,OFF
2024-05-09 12:37:48,1153,OFF
2024-05-09 12:37:50,1122,OFF
2024-05-09 12:37:52,1093,OFF
2024-05-09 12:37:54,1081,OFF
2024-05-09 12:37:56,1131,OFF
2024-05-09 12:37:58,1144,OFF
2024-05-09 12:38:00,1204,OFF
2024-05-09 12:38:02,1172,OFF
2024-05-09 12:38:04,1115,OFF
2024-05-09 12:38:06,1119,OFF
2024-05-09 12:38:08,1091,OFF
2024-05-09 12:38:10,1169,OFF
2024-05-09 12:38:12,1198,OFF
2024-05-09 12:38:14,1148,OFF
2024-05-09 12:38:16,1083,OFF
2024-05-09 12:38:18,1074,OFF
2024-05-09 12:38:20,1176,OFF
2024-05-09 12:38:22,1111,OFF
2024-05-09 12:38:24,1109,OFF
2024-05-09 12:38:26,1308,OFF
2024-05-09 12:38:28,1166,OFF
2024-05-09 12:38:30,1160,OFF
2024-05-09 12:38:32,1068,OFF
2024-05-09 12:38:34,1146,OFF
2024-05-09 12:38:36,1161,OFF
2024-05-09 12:38:38,1067,OFF
2024-05-09 12:38:40,1102,OFF
2024-05-09 12:38:42,1167,OFF
2024-05-09 12:38:44,1135,OFF
2024-05-09 12:38:46,1092,OFF
2024-05-09 12:38:48,1090,OFF
2024-05-09 12:38:50,1145,OFF
2024-05-09 12:38:52,1170,OFF
2024-05-09 12:38:54,1092,OFF
2024-05-09 12:38:56,1133,OFF
2024-05-09 12:38:58,1086,OFF
2024-05-09 12:39:00,1143,OFF
2024-05-09 12:39:02,1252,OFF
2024-05-09 12:39:04,1101,OFF
2024-05-09 12:39:06,1117,OFF
2024-05-09 12:39:08,1146,OFF
2024-05-09 12:39:10,1101,OFF
2024-05-09 12:39:12,1183,OFF
2024-05-09 12:39:14,1094,OFF
2024-05-09 12:39:16,1157,OFF
2024-05-09 12:39:18,1080,OFF
2024-05-09 12:39:20,1142,OFF
2024-05-09 12:39:22,1170,OFF
2024-05-09 12:39:24,1189,OFF
2024-05-09 12:39:26,1085,OFF
2024-05-09 12:39:28,1082,OFF
2024-05-09 12:39:30,1139,OFF
2024-05-09 12:39:32,1130,OFF
2024-05-09 12:39:34,1105,OFF
2024-05-09 12:39:36,1141,OFF
2024-05-09 12:39:38,1128,OFF
2024-05-09 12:39:40,1124,OFF
2024-05-09 12:39:42,1153,OFF
2024-05-09 12:39:44,1186,OFF
2024-05-09 12:39:46,1114,OFF
2024-05-09 12:39:48,1114,OFF
2024-05-09 12:39:50,1170,OFF
2024-05-09 12:39:52,1168,OFF
2024-05-09 12:39:54,1195,OFF
2024-05-09 12:39:56,1130,OFF
2024-05-09 12:39:58,1107,OFF
2024-05-09 12:40:00,1100,OFF
2024-05-09 12:40:02,1116,OFF
2024-05-09 12:40:04,1119,OFF
2024-05-09 12:40:06,1147,OFF
2024-05-09 12:40:08,1107,OFF
2024-05-09 12:40:10,1093,OFF
2024-05-09 12:40:12,1098,OFF
2024-05-09 12:40:14,1180,OFF
2024-05-09 12:40:16,1098,OFF
2024-05-09 12:40:18,1203,OFF
2024-05-09 12:40:20,1171,OFF
2024-05-09 12:40:22,1117,OFF
2024-05-09 12:40:24,1199,OFF
2024-05-09 12:40:26,1255,OFF
2024-05-09 12:40:28,1234,OFF
2024-05-09 12:44:42,1190,OFF
2024-05-09 12:44:44,1216,OFF
2024-05-09 12:44:46,1176,OFF
2024-05-09 12:44:48,1273,OFF
2024-05-09 12:44:50,1175,OFF
2024-05-09 12:44:52,1254,OFF
2024-05-09 12:44:54,1212,OFF
2024-05-09 12:44:56,1182,OFF
2024-05-09 12:44:58,1222,ON
2024-05-09 12:45:00,1205,ON
2024-05-09 12:45:02,1265,ON
2024-05-09 12:45:04,1159,ON
2024-05-09 12:45:06,1177,ON
2024-05-09 12:45:08,1226,ON
2024-05-09 12:45:10,1200,ON
2024-05-09 12:45:12,1182,ON
2024-05-09 12:45:14,1202,ON
2024-05-09 12:45:16,1260,ON
2024-05-09 12:45:18,1245,ON
2024-05-09 12:45:20,1218,ON
2024-05-09 12:45:22,1308,ON
2024-05-09 12:45:24,1188,ON
2024-05-09 12:45:26,1264,ON
2024-05-09 12:45:28,1311,ON
2024-05-09 12:45:30,1215,ON
2024-05-09 12:45:32,1177,ON
2024-05-09 12:45:34,1213,ON
2024-05-09 12:45:36,1265,ON
2024-05-09 12:45:38,1167,ON
2024-05-09 12:45:40,1214,ON
2024-05-09 12:45:42,1218,ON
2024-05-09 12:45:44,1196,ON
2024-05-09 12:45:46,1172,ON
2024-05-09 12:45:48,1216,ON
2024-05-09 12:45:50,1244,ON
2024-05-09 12:45:52,1249,ON
2024-05-09 12:45:54,1228,ON
2024-05-09 12:45:56,1212,ON
2024-05-09 12:45:58,1232,ON
2024-05-09 12:46:00,1216,ON
2024-05-09 12:46:02,1232,ON
2024-05-09 12:46:04,1172,ON
2024-05-09 12:46:06,1233,ON
2024-05-09 12:46:08,1198,ON
2024-05-09 12:46:10,1205,ON
2024-05-09 12:46:12,1301,ON
2024-05-09 12:46:14,1214,ON
2024-05-09 12:46:16,1199,ON
2024-05-09 12:46:18,1361,ON
2024-05-09 12:46:20,1210,ON
2024-05-09 12:46:22,1186,ON
2024-05-09 12:46:24,1230,ON
2024-05-09 12:46:26,1248,ON
2024-05-09 12:46:28,1177,ON
2024-05-09 12:46:30,1272,ON
2024-05-09 12:46:32,1305,ON
2024-05-09 12:46:34,1232,ON
2024-05-09 12:46:36,1202,ON
2024-05-09 12:46:38,1179,ON
2024-05-09 12:46:40,1201,ON
2024-05-09 12:46:42,1249,ON
2024-05-09 12:46:44,1244,ON
2024-05-09 12:46:46,1220,ON
2024-05-09 12:46:48,1317,ON
2024-05-09 12:46:50,1180,ON
2024-05-09 12:46:52,1252,ON
2024-05-09 12:46:54,1221,ON
2024-05-09 12:46:56,1232,ON
2024-05-09 12:46:58,1263,ON
2024-05-09 12:47:00,1262,ON
2024-05-09 12:47:02,1243,ON
2024-05-09 12:47:04,1286,ON
2024-05-09 12:47:06,1272,ON
2024-05-09 12:47:08,1222,ON
2024-05-09 12:47:10,1242,ON
2024-05-09 12:47:12,1275,ON
2024-05-09 12:47:14,1279,ON
2024-05-09 12:47:16,1317,ON
2024-05-09 12:47:18,1271,ON
2024-05-09 12:47:20,1230,ON
2024-05-09 12:47:22,1283,ON
2024-05-09 12:47:24,1267,ON
2024-05-09 12:47:26,1225,ON
2024-05-09 12:47:28,1211,ON
2024-05-09 12:47:30,1206,ON
2024-05-09 12:47:32,1264,ON
2024-05-09 12:47:34,1232,ON
2024-05-09 12:47:36,1248,ON
2024-05-09 12:47:38,1190,ON
2024-05-09 12:47:40,1227,ON
2024-05-09 12:47:42,1250,ON
2024-05-09 12:47:44,1243,ON
2024-05-09 12:47:46,1238,ON
2024-05-09 12:47:48,1298,ON
2024-05-09 12:47:50,1279,ON
2024-05-09 12:47:52,1303,ON
2024-05-09 12:47:54,1253,ON
2024-05-09 12:47:56,1252,ON
2024-05-09 12:47:58,1262,ON
2024-05-09 12:48:00,1761,ON
2024-05-09 12:48:02,1354,ON
2024-05-09 12:48:04,1461,ON
2024-05-09 12:48:06,1450,ON
2024-05-09 12:48:08,1319,ON
2024-05-09 12:48:10,1395,ON
2024-05-09 12:48:12,1243,ON
2024-05-09 12:48:14,1209,ON
2024-05-09 12:48:16,1287,ON
2024-05-09 12:48:18,1387,ON
2024-05-09 12:48:20,1372,ON
2024-05-09 12:48:22,1301,OFF
2024-05-09 12:48:24,1259,OFF
2024-05-09 12:48:26,1234,OFF
2024-05-09 12:48:28,1322,ON
2024-05-09 12:48:30,1262,ON
2024-05-09 12:48:32,1259,ON
2024-05-09 12:48:34,1271,ON
2024-05-09 12:48:36,1258,ON
2024-05-09 12:48:38,1222,ON
2024-05-09 12:48:40,1245,ON
2024-05-09 12:48:42,1230,ON
2024-05-09 12:48:44,1236,ON
2024-05-09 12:48:46,1237,ON
2024-05-09 12:48:48,1320,ON
2024-05-09 12:48:50,1556,ON
2024-05-09 12:48:52,1387,ON
2024-05-09 12:48:54,1297,ON
2024-05-09 12:48:56,1252,ON
2024-05-09 12:48:58,1216,ON
2024-05-09 12:49:00,1252,ON
2024-05-09 12:49:02,1267,ON
2024-05-09 12:49:04,1225,ON
2024-05-09 12:49:06,1338,ON
2024-05-09 12:49:08,1232,ON
2024-05-09 12:49:10,1245,ON
2024-05-09 12:49:12,1256,ON
2024-05-09 12:49:14,1208,ON
2024-05-09 12:49:16,1225,ON
2024-05-09 12:49:18,1347,ON
2024-05-09 12:49:20,1212,ON
2024-05-09 12:49:22,1349,ON
2024-05-09 12:49:24,1236,ON
2024-05-09 12:49:26,1318,ON
2024-05-09 12:49:28,1256,ON
2024-05-09 12:49:30,1237,ON
2024-05-09 12:49:32,1292,ON
2024-05-09 12:49:34,1253,ON
2024-05-09 12:49:36,1273,ON
2024-05-09 12:49:38,1213,ON
2024-05-09 12:49:40,1264,ON
2024-05-09 12:49:42,1340,ON
2024-05-09 12:49:44,1325,ON
2024-05-09 12:49:46,1258,ON
2024-05-09 12:49:48,1267,ON
2024-05-09 12:49:50,1334,ON
2024-05-09 12:49:52,1298,ON
2024-05-09 12:49:54,1270,ON
2024-05-09 12:49:56,1323,ON
2024-05-09 12:49:58,1323,ON
2024-05-09 12:50:00,1218,ON
2024-05-09 12:50:02,1382,ON
2024-05-09 12:50:04,1270,ON
2024-05-09 12:50:06,1294,ON
2024-05-09 12:50:08,1354,ON
2024-05-09 12:50:10,1277,ON
2024-05-09 12:50:12,1310,ON
2024-05-09 12:50:14,1254,ON
2024-05-09 12:50:16,1279,ON
2024-05-09 12:50:18,1355,ON
2024-05-09 12:50:20,1358,ON
2024-05-09 12:50:22,1321,ON
2024-05-09 12:50:24,1262,ON
2024-05-09 12:50:26,1257,ON
2024-05-09 12:50:28,1385,ON
2024-05-09 12:50:30,1319,ON
2024-05-09 12:50:32,1260,ON
2024-05-09 12:50:34,1312,ON
2024-05-09 12:50:36,1255,ON
2024-05-09 12:50:38,1251,ON
2024-05-09 12:50:40,1349,ON
2024-05-09 12:50:42,1275,ON
2024-05-09 12:50:44,1284,ON
2024-05-09 12:50:46,1407,ON
2024-05-09 12:50:48,1296,ON
2024-05-09 12:50:50,1284,ON
2024-05-09 12:50:52,1325,ON
2024-05-09 12:50:54,1282,ON
2024-05-09 12:50:56,1296,ON
2024-05-09 12:50:58,1261,ON
2024-05-09 12:51:00,1475,ON
2024-05-09 12:51:02,1264,ON
2024-05-09 12:51:04,1286,ON
2024-05-09 12:51:06,1248,ON
2024-05-09 12:51:08,1306,ON
2024-05-09 12:51:10,1318,ON
2024-05-09 12:51:12,1363,ON
2024-05-09 12:51:14,1314,ON
2024-05-09 12:51:16,1282,ON
2024-05-09 12:51:18,1361,ON
2024-05-09 12:51:20,1257,ON
2024-05-09 12:51:22,1234,ON
2024-05-09 12:51:24,1343,ON
2024-05-09 12:51:26,1365,ON
2024-05-09 12:51:28,1353,ON
2024-05-09 12:51:30,1303,ON
2024-05-09 12:51:32,1271,ON
2024-05-09 12:51:34,1291,ON
2024-05-09 12:51:36,1332,ON
2024-05-09 12:51:38,1470,ON
2024-05-09 12:51:40,1319,ON
2024-05-09 12:51:42,1302,ON
2024-05-09 12:51:44,1370,ON
2024-05-09 12:51:46,1289,ON
2024-05-09 12:51:48,1323,ON
2024-05-09 12:51:50,1344,ON
2024-05-09 12:51:52,1357,ON
2024-05-09 12:51:54,1340,ON
2024-05-09 12:51:56,1284,ON
2024-05-09 12:51:58,1321,ON
2024-05-09 12:52:00,1328,ON
2024-05-09 12:52:02,1339,ON
2024-05-09 12:52:04,1280,ON
2024-05-09 12:52:06,1374,ON
2024-05-09 12:52:08,1283,ON
2024-05-09 12:52:10,1289,ON
2024-05-09 12:52:12,1295,ON
2024-05-09 12:52:14,1278,ON
2024-05-09 12:52:16,1413,ON
2024-05-09 12:52:18,1272,ON
2024-05-09 12:52:20,1303,ON
2024-05-09 12:52:22,1286,ON
2024-05-09 12:52:24,1263,ON
2024-05-09 12:52:26,1293,ON
2024-05-09 12:52:28,1277,ON
2024-05-09 12:52:30,1340,ON
2024-05-09 12:52:32,1309,ON
2024-05-09 12:52:34,1311,ON
2024-05-09 12:52:36,1274,ON
2024-05-09 12:52:38,1265,ON
2024-05-09 12:52:40,1293,ON
2024-05-09 12:52:42,1365,ON
2024-05-09 12:52:44,1340,ON
2024-05-09 12:52:46,1262,ON
2024-05-09 12:52:48,1322,ON
2024-05-09 12:52:50,1296,ON
2024-05-09 12:53:07,1396,OFF
2024-05-09 12:53:09,1312,OFF
2024-05-09 12:53:11,1271,OFF
2024-05-09 12:53:13,1246,OFF
2024-05-09 12:53:15,1305,OFF
2024-05-09 12:53:17,1276,OFF
2024-05-09 12:53:19,1323,OFF
2024-05-09 12:53:21,1355,OFF
2024-05-09 12:53:23,1529,ON
2024-05-09 12:53:25,1346,OFF
2024-05-09 12:53:27,2141,ON
2024-05-09 12:53:29,1292,OFF
2024-05-09 13:53:49,1696,ON
2024-05-09 13:53:51,1759,ON
2024-05-09 13:53:53,1781,ON
2024-05-09 13:53:55,1745,ON
2024-05-09 13:53:57,1727,ON
2024-05-09 13:53:59,1745,ON
2024-05-09 13:54:01,1813,ON
2024-05-09 13:54:03,1760,ON
2024-05-09 13:54:05,1759,ON
2024-05-09 13:54:07,1738,ON
2024-05-09 13:54:09,1771,ON
2024-05-09 13:54:11,1766,ON
2024-05-09 13:54:13,1866,ON
2024-05-09 13:58:24,1440,OFF
2024-05-09 13:58:26,1797,ON
2024-05-09 13:58:28,1841,ON
2024-05-09 13:58:30,1792,ON
2024-05-09 13:58:32,1788,ON
2024-05-10 00:09:42,280,OFF
2024-05-10 00:09:44,308,OFF
2024-05-10 00:09:46,464,OFF
2024-05-10 00:09:48,288,OFF
2024-05-10 00:09:50,317,OFF
2024-05-10 00:09:52,349,OFF
2024-05-10 00:09:54,352,OFF
2024-05-10 00:09:56,239,OFF
2024-05-10 00:09:58,369,OFF
2024-05-10 00:10:00,199,OFF
2024-05-10 00:10:02,616,OFF
2024-05-10 00:10:04,206,OFF
2024-05-10 00:10:06,505,OFF
2024-05-10 00:10:08,415,OFF
2024-05-10 00:10:10,332,OFF
2024-05-10 00:10:12,212,OFF
2024-05-10 00:10:14,256,OFF
2024-05-10 00:10:16,276,OFF
2024-05-10 00:10:18,404,OFF
2024-05-10 00:10:20,254,OFF
2024-05-10 00:10:22,380,OFF
2024-05-10 00:10:24,427,OFF
2024-05-10 00:10:26,275,OFF
2024-05-10 00:11:02,272,OFF
2024-05-10 00:11:04,563,OFF
2024-05-10 00:11:38,370,OFF
2024-05-10 00:11:40,731,OFF
2024-05-10 00:11:42,254,OFF
2024-05-10 00:11:44,287,OFF
2024-05-10 00:11:46,813,OFF
2024-05-10 00:11:48,345,OFF
2024-05-10 00:11:50,353,OFF
2024-05-10 00:11:52,257,OFF
2024-05-10 00:11:54,296,OFF
2024-05-10 00:11:56,371,OFF
2024-05-10 00:11:58,436,OFF
2024-05-10 00:12:00,317,OFF
2024-05-10 00:12:02,420,OFF
2024-05-10 00:12:05,360,ON
2024-05-10 00:12:07,308,ON
2024-05-10 00:12:09,285,ON
2024-05-10 00:12:11,266,ON
2024-05-10 00:12:13,617,ON
2024-05-10 00:12:15,572,ON
2024-05-10 00:12:17,526,ON
2024-05-10 00:18:02,1049,OFF
2024-05-10 00:18:04,439,OFF
2024-05-10 00:18:06,436,OFF
2024-05-10 00:18:08,395,OFF
2024-05-10 00:18:10,511,OFF
2024-05-10 00:18:12,605,OFF
2024-05-10 00:18:14,587,OFF
2024-05-10 00:18:16,722,OFF
2024-05-10 00:18:18,859,OFF
2024-05-10 00:18:20,662,OFF
2024-05-10 00:18:22,519,OFF
2024-05-10 00:18:24,635,OFF
2024-05-10 00:18:26,1616,OFF
2024-05-10 00:18:28,897,ON
2024-05-10 00:18:30,615,OFF
2024-05-10 00:18:32,417,OFF
2024-05-10 00:18:34,633,OFF
2024-05-10 00:18:36,443,OFF
2024-05-10 00:18:38,771,OFF
2024-05-10 00:18:40,536,OFF
2024-05-10 00:18:42,489,OFF
2024-05-10 00:18:44,465,OFF
2024-05-10 00:18:46,496,OFF
2024-05-10 00:18:48,511,OFF
2024-05-10 00:18:50,773,OFF
2024-05-10 00:18:52,1007,OFF
2024-05-10 00:18:54,623,OFF
2024-05-10 00:18:56,561,OFF
2024-05-10 00:18:58,468,OFF
2024-05-10 00:19:00,461,OFF
2024-05-10 00:19:02,513,OFF
2024-05-10 00:19:04,415,OFF
2024-05-10 00:19:06,567,OFF
2024-05-10 00:19:08,549,OFF
2024-05-10 00:19:10,463,OFF
2024-05-10 00:19:12,700,OFF
2024-05-10 00:19:14,525,OFF
2024-05-10 00:19:16,1502,OFF
2024-05-10 00:19:18,1123,ON
2024-05-10 00:19:21,955,ON
2024-05-10 00:19:23,746,ON
2024-05-10 00:19:25,894,ON
2024-05-10 00:19:27,968,ON
2024-05-10 00:19:29,606,ON
2024-05-10 00:19:31,826,ON
2024-05-10 00:19:33,937,ON
2024-05-10 00:19:35,1185,ON
2024-05-10 00:19:37,864,ON
2024-05-10 00:19:39,834,ON
2024-05-10 00:19:41,633,ON
2024-05-10 00:19:43,934,ON
2024-05-10 00:19:45,619,ON
2024-05-10 00:19:47,902,ON
2024-05-10 00:19:49,751,ON
2024-05-10 00:19:51,948,ON
2024-05-10 00:19:53,710,ON
2024-05-10 00:19:55,475,ON
2024-05-10 00:19:57,692,ON
2024-05-10 00:19:59,829,ON
2024-05-10 00:20:01,691,ON
2024-05-10 00:20:03,799,ON
2024-05-10 00:20:05,705,ON
2024-05-10 00:20:07,545,ON
2024-05-10 00:20:09,1486,ON
2024-05-10 00:20:11,1010,ON
2024-05-10 00:20:13,973,ON
2024-05-10 00:20:15,938,ON
2024-05-10 00:25:37,714,OFF
2024-05-10 00:25:39,918,OFF
2024-05-10 00:25:41,668,OFF
2024-05-10 00:25:43,726,OFF
2024-05-10 00:25:45,549,OFF
2024-05-10 00:25:47,653,OFF
2024-05-10 00:25:49,890,OFF
2024-05-10 00:25:51,802,ON
2024-05-10 00:25:53,769,ON
2024-05-10 00:25:55,918,ON
2024-05-10 00:25:57,863,ON
2024-05-10 00:25:59,821,OFF
2024-05-10 00:26:01,787,ON
2024-05-10 00:26:03,816,ON
2024-05-10 00:26:05,1153,OFF
2024-05-10 00:26:07,933,OFF
2024-05-10 00:32:25,629,OFF
2024-05-10 00:32:27,783,OFF
2024-05-10 00:32:29,781,OFF
2024-05-10 00:32:31,692,OFF
2024-05-10 00:32:33,1138,ON
2024-05-10 00:32:35,1188,ON
2024-05-10 00:32:37,1030,ON
2024-05-10 00:32:39,829,ON
2024-05-10 00:32:41,735,ON
2024-05-10 00:32:43,879,ON
2024-05-10 00:32:45,1071,ON
2024-05-10 00:32:47,917,ON
2024-05-10 00:32:49,779,ON
2024-05-10 00:32:51,830,ON
2024-05-10 00:32:53,1145,ON
2024-05-10 00:32:55,1184,ON
2024-05-10 00:32:57,1280,ON
2024-05-10 00:32:59,1075,ON
2024-05-10 00:33:01,854,ON
2024-05-10 00:33:03,1115,ON
2024-05-10 00:33:05,934,ON
2024-05-10 00:33:07,878,ON
2024-05-10 00:33:09,1116,ON
2024-05-10 00:33:11,779,ON
2024-05-10 00:33:13,728,ON
2024-05-10 00:33:15,717,ON
2024-05-10 00:33:17,995,ON
2024-05-10 00:33:19,904,ON
2024-05-10 00:33:21,925,ON
2024-05-10 00:33:23,1092,ON
2024-05-10 00:33:25,950,ON
2024-05-10 00:33:27,987,ON
2024-05-10 00:33:29,1188,ON
2024-05-10 00:33:31,956,ON
2024-05-10 00:33:33,818,ON
2024-05-10 00:33:35,1044,ON
2024-05-10 00:33:37,1347,ON
2024-05-10 00:33:39,1017,ON
2024-05-10 00:35:30,819,OFF
2024-05-10 00:35:32,2379,ON
2024-05-10 00:35:34,814,OFF
2024-05-10 00:35:36,845,OFF
2024-05-10 00:36:20,1110,OFF
2024-05-10 00:36:22,901,OFF
2024-05-10 00:36:24,1088,OFF
2024-05-10 00:36:26,827,OFF
2024-05-10 00:36:28,966,OFF
2024-05-10 00:36:30,967,OFF
2024-05-10 00:36:32,892,OFF
2024-05-10 00:36:34,903,OFF
2024-05-10 00:36:36,989,OFF
2024-05-10 00:36:38,819,OFF
2024-05-10 00:36:40,806,OFF
2024-05-10 00:36:42,940,OFF
2024-05-10 00:36:44,800,OFF
2024-05-10 00:36:46,929,OFF
2024-05-10 00:36:48,1021,OFF
2024-05-10 00:36:50,854,OFF
2024-05-10 00:36:52,927,OFF
2024-05-10 00:36:54,954,OFF
2024-05-10 00:36:56,1268,OFF
2024-05-10 00:36:58,1202,ON
2024-05-10 00:37:00,1041,ON
2024-05-10 00:37:02,809,OFF
2024-05-10 00:37:04,908,OFF
2024-05-10 00:37:06,990,OFF
2024-05-10 00:37:08,904,OFF
2024-05-10 00:37:10,1684,ON
2024-05-10 00:37:12,1807,ON
2024-05-10 00:37:14,1213,ON
2024-05-10 00:37:16,1001,OFF
2024-05-10 00:37:18,1541,OFF
2024-05-10 00:37:20,1090,ON
2024-05-10 00:37:22,916,OFF
2024-05-10 00:37:24,1176,OFF
2024-05-10 00:37:26,1029,ON
2024-05-10 00:37:28,815,ON
2024-05-10 00:37:30,836,ON
2024-05-10 00:37:32,894,ON
2024-05-10 00:37:34,851,ON
2024-05-10 00:37:36,889,ON
2024-05-10 00:37:38,822,ON
2024-05-10 00:37:40,838,ON
2024-05-10 00:37:54,914,OFF
2024-05-10 00:37:57,1031,ON
2024-05-10 00:37:59,1107,ON
2024-05-10 00:38:01,940,ON
2024-05-10 00:38:03,906,ON
2024-05-10 00:38:05,926,ON
2024-05-10 00:38:07,1036,ON
2024-05-10 00:38:09,1107,ON
2024-05-10 00:38:11,885,ON
2024-05-10 00:38:13,929,ON
2024-05-10 00:38:14,978,OFF
2024-05-10 00:38:17,1941,ON
2024-05-10 00:38:18,2433,OFF
2024-05-10 00:38:20,1153,ON
2024-05-10 00:38:22,946,ON
2024-05-10 00:38:24,1112,OFF
2024-05-10 00:38:26,902,OFF
2024-05-10 00:38:28,938,OFF
2024-05-10 00:38:30,942,OFF
2024-05-10 00:38:32,947,OFF
2024-05-10 00:38:35,1319,ON
2024-05-10 00:38:36,1791,OFF
2024-05-10 00:38:38,1593,ON
2024-05-10 00:38:40,844,OFF
2024-05-10 00:38:42,1078,OFF
2024-05-10 00:38:44,845,OFF
2024-05-10 00:38:47,1427,ON
2024-05-10 00:38:49,1091,ON
2024-05-10 00:38:50,1423,OFF
2024-05-10 00:38:52,1424,ON
2024-05-10 00:38:54,886,OFF
2024-05-10 00:38:56,1041,OFF
2024-05-10 00:38:58,953,OFF
2024-05-10 00:39:00,1065,OFF
2024-05-10 00:39:03,1272,ON
2024-05-10 00:39:05,1200,ON
2024-05-10 00:39:07,1419,OFF
2024-05-10 00:39:08,1267,ON
2024-05-10 00:39:10,998,OFF
2024-05-10 00:39:12,853,OFF
2024-05-10 00:39:14,854,OFF
2024-05-10 00:39:16,920,OFF
2024-05-10 00:39:18,945,OFF
2024-05-10 00:39:20,1343,OFF
2024-05-10 00:39:22,1114,ON
2024-05-10 00:39:24,924,OFF
2024-05-10 00:39:26,962,OFF
2024-05-10 00:39:28,934,OFF
2024-05-10 00:39:30,1030,OFF
2024-05-10 00:39:32,889,OFF
2024-05-10 00:39:34,1028,OFF
2024-05-10 00:39:37,1237,ON
2024-05-10 00:39:39,1130,ON
2024-05-10 00:39:41,1467,ON
2024-05-10 00:39:42,919,OFF
2024-05-10 00:39:44,949,OFF
2024-05-10 00:39:46,949,OFF
2024-05-10 00:39:48,895,OFF
2024-05-10 00:39:51,1176,ON
2024-05-10 00:39:52,984,OFF
2024-05-10 00:39:54,1022,OFF
2024-05-10 00:39:57,1083,ON
2024-05-10 00:39:58,1072,OFF
2024-05-10 00:40:00,1127,OFF
2024-05-10 00:40:02,1301,ON
2024-05-10 00:40:04,1045,OFF
2024-05-10 00:40:06,894,OFF
2024-05-10 00:40:08,878,OFF
2024-05-10 00:40:10,999,OFF
2024-05-10 00:40:13,1018,ON
2024-05-10 00:40:14,1004,OFF
2024-05-10 00:40:16,921,OFF
2024-05-10 00:40:18,1076,OFF
2024-05-10 00:40:20,903,OFF
2024-05-10 00:40:22,1005,OFF
2024-05-10 00:40:25,1944,ON
2024-05-10 00:40:27,1844,ON
2024-05-10 00:40:29,2027,ON
2024-05-10 00:40:31,1470,ON
2024-05-10 00:40:32,1188,OFF
2024-05-10 00:40:34,882,ON
2024-05-10 00:40:37,1269,ON
2024-05-10 00:40:39,1784,ON
2024-05-10 00:40:41,1595,ON
2024-05-10 00:40:43,1106,ON
2024-05-10 00:40:45,1444,ON
2024-05-10 00:40:47,1388,ON
2024-05-10 00:40:48,930,OFF
2024-05-10 00:40:51,1469,ON
2024-05-10 00:40:52,1034,OFF
2024-05-10 00:40:55,1326,ON
2024-05-10 00:40:57,1283,ON
2024-05-10 00:40:59,1501,ON
2024-05-10 00:41:01,1320,ON
2024-05-10 00:41:03,1164,ON
2024-05-10 00:43:56,1146,OFF
2024-05-10 00:43:58,1151,OFF
2024-05-10 00:44:00,1104,ON
2024-05-10 00:44:02,1099,ON
2024-05-10 00:44:04,999,ON
2024-05-10 00:44:30,955,OFF
2024-05-10 00:44:32,1017,ON
2024-05-10 00:44:34,1318,ON
2024-05-10 00:44:36,1387,ON
2024-05-10 00:44:38,1065,ON
2024-05-10 00:44:40,1203,ON
2024-05-10 00:44:50,1097,OFF
2024-05-10 00:44:52,1058,OFF
2024-05-10 00:44:54,1129,ON
2024-05-10 00:44:56,1446,ON
2024-05-10 00:44:58,1321,ON
2024-05-10 00:45:00,1097,ON
2024-05-10 00:45:02,1136,ON
2024-05-10 00:45:04,974,ON
2024-05-10 00:45:06,1100,ON
2024-05-10 00:45:08,1125,ON
2024-05-10 00:45:10,1080,ON
2024-05-10 00:45:12,1154,ON
2024-05-10 00:45:47,1018,OFF
2024-05-10 00:45:49,1179,ON
2024-05-10 00:45:51,1573,ON
2024-05-10 00:45:53,1529,ON
2024-05-10 00:45:55,1165,ON
2024-05-10 00:45:57,1448,ON
2024-05-10 00:45:59,1180,ON
2024-05-10 00:46:34,1051,OFF
2024-05-10 00:46:36,1190,OFF
2024-05-10 00:46:38,1307,ON
2024-05-10 00:46:40,1384,ON
2024-05-10 00:46:42,1238,ON
2024-05-10 00:48:13,1283,ON
2024-05-10 00:48:15,1170,ON
2024-05-10 00:48:17,1154,ON
2024-05-10 00:48:19,1134,ON
2024-05-10 00:48:21,1163,ON
2024-05-10 00:48:23,1120,ON
2024-05-10 00:48:25,1134,ON
2024-05-10 00:48:27,1283,ON
2024-05-10 00:49:02,1398,ON
2024-05-10 00:49:04,1261,ON
2024-05-10 00:49:06,1360,ON
2024-05-10 00:49:08,1412,ON
2024-05-10 00:49:10,1273,ON
2024-05-10 00:49:12,1294,ON
2024-05-10 00:49:14,1206,ON
2024-05-10 00:49:16,1193,ON
2024-05-10 00:49:18,1066,ON
2024-05-10 00:49:20,1275,ON
2024-05-10 00:49:22,1316,ON
2024-05-10 00:52:28,632,OFF
2024-05-10 00:52:30,754,OFF
2024-05-10 00:52:32,695,ON
2024-05-10 00:52:34,734,ON
2024-05-10 00:52:36,725,ON
2024-05-10 00:52:38,693,ON
2024-05-10 00:52:40,640,ON
2024-05-10 00:52:42,695,ON
2024-05-10 00:52:44,683,ON
2024-05-10 00:55:51,726,OFF
2024-05-10 00:55:53,756,OFF
2024-05-10 00:55:55,755,OFF
2024-05-10 00:55:57,737,OFF
2024-05-10 00:55:59,723,OFF
2024-05-10 00:56:01,769,OFF
2024-05-10 00:56:03,1051,OFF
2024-05-10 00:56:05,968,OFF
2024-05-10 00:56:07,741,OFF
2024-05-10 00:56:09,854,OFF
2024-05-10 00:56:11,1007,OFF
2024-05-10 00:56:13,1005,OFF
2024-05-10 00:56:15,812,OFF
2024-05-10 00:56:17,704,OFF
2024-05-10 00:56:19,803,OFF
2024-05-10 00:56:21,803,OFF
2024-05-10 00:56:23,726,OFF
2024-05-10 00:56:25,729,OFF
2024-05-10 00:56:27,1039,OFF
2024-05-10 00:56:29,778,OFF
2024-05-10 00:56:31,750,OFF
2024-05-10 00:56:33,793,OFF
2024-05-10 00:56:35,708,OFF
2024-05-10 00:56:37,987,OFF
2024-05-10 00:56:39,825,OFF
2024-05-10 00:56:41,898,OFF
2024-05-10 00:56:43,1045,OFF
2024-05-10 00:56:45,832,OFF
2024-05-10 00:56:47,1007,OFF
2024-05-10 00:56:49,756,OFF
2024-05-10 00:56:51,993,OFF
2024-05-10 00:56:53,773,OFF
2024-05-10 00:56:55,734,OFF
2024-05-10 00:56:57,855,OFF
2024-05-10 00:56:59,779,OFF
2024-05-10 00:57:01,849,OFF
2024-05-10 00:57:03,787,OFF
2024-05-10 00:57:05,769,OFF
2024-05-10 00:57:07,714,OFF
2024-05-10 00:57:09,764,OFF
2024-05-10 00:57:11,762,OFF
2024-05-10 00:57:13,758,OFF
2024-05-10 00:57:15,928,ON
2024-05-10 00:57:17,1139,ON
2024-05-10 00:57:19,901,ON
2024-05-10 00:57:21,837,ON
2024-05-10 00:57:23,992,ON
2024-05-10 00:57:25,776,ON
2024-05-10 00:57:27,896,ON
2024-05-10 00:57:29,892,ON
2024-05-10 00:57:31,819,ON
2024-05-10 00:57:33,813,ON
2024-05-10 00:57:35,783,ON
2024-05-10 00:57:37,950,ON
2024-05-10 00:57:39,910,ON
2024-05-10 00:57:41,821,ON
2024-05-10 00:57:43,786,ON
2024-05-10 00:57:45,875,ON
2024-05-10 00:57:47,817,ON
2024-05-10 00:57:49,880,ON
2024-05-10 00:57:51,971,ON
2024-05-10 00:57:53,898,ON
2024-05-10 00:57:55,951,ON
2024-05-10 00:57:57,797,ON
2024-05-10 00:57:59,729,ON
2024-05-10 00:58:01,1042,ON
2024-05-10 00:58:03,1107,ON
2024-05-10 00:58:05,895,ON
2024-05-10 00:58:07,871,ON
2024-05-10 00:58:09,919,ON
2024-05-10 00:58:11,850,ON
2024-05-10 00:58:13,878,ON
2024-05-10 00:58:15,1056,ON
2024-05-10 00:58:17,936,ON
2024-05-10 00:58:19,799,ON
2024-05-10 00:58:21,908,ON
2024-05-10 00:58:23,951,ON
2024-05-10 00:58:25,741,ON
2024-05-10 00:58:27,1034,ON
2024-05-10 00:58:29,1101,ON
2024-05-10 00:58:31,869,ON
2024-05-10 00:58:33,879,ON
2024-05-10 00:58:35,756,ON
2024-05-10 00:58:37,740,ON
2024-05-10 00:58:39,745,ON
2024-05-10 00:58:41,991,ON
2024-05-10 00:58:43,841,ON
2024-05-10 00:58:45,915,ON
2024-05-10 00:58:47,857,ON
2024-05-10 00:58:49,895,ON
2024-05-10 00:58:51,1085,ON
2024-05-10 00:58:53,975,ON
2024-05-10 00:58:55,832,ON
2024-05-10 00:58:57,896,ON
2024-05-10 00:58:59,968,ON
2024-05-10 00:59:01,979,ON
2024-05-10 00:59:03,979,ON
2024-05-10 00:59:05,998,ON
2024-05-10 00:59:07,773,ON
2024-05-10 00:59:09,1692,ON
2024-05-10 00:59:11,1472,ON
2024-05-10 00:59:13,875,ON
2024-05-10 00:59:15,955,ON
2024-05-10 00:59:17,1426,ON
2024-05-10 00:59:19,855,ON
2024-05-10 00:59:21,1121,ON
2024-05-10 00:59:23,942,ON
2024-05-10 00:59:25,1275,ON
2024-05-10 00:59:27,1550,ON
2024-05-10 00:59:29,951,ON
2024-05-10 00:59:31,869,ON
2024-05-10 00:59:33,924,ON
2024-05-10 00:59:35,1030,ON
2024-05-10 00:59:37,952,ON
2024-05-10 00:59:39,1015,ON
2024-05-10 00:59:41,889,ON
2024-05-10 00:59:43,890,ON
2024-05-10 00:59:45,879,ON
2024-05-10 00:59:47,954,ON
2024-05-10 00:59:49,893,ON
2024-05-10 00:59:51,891,OFF
2024-05-10 00:59:53,852,OFF
2024-05-10 00:59:55,967,OFF
2024-05-10 00:59:57,1000,ON
2024-05-10 00:59:59,1075,ON
2024-05-10 01:00:01,941,ON
2024-05-10 01:00:03,1366,ON
2024-05-10 01:00:05,1126,ON
2024-05-10 01:00:07,961,ON
2024-05-10 01:00:09,1046,ON
2024-05-10 01:00:11,1015,ON
2024-05-10 01:00:13,793,ON
2024-05-10 01:00:15,870,ON
2024-05-10 01:00:17,1025,ON
2024-05-10 01:00:19,1002,ON
2024-05-10 01:00:21,866,ON
2024-05-10 01:00:23,830,ON
2024-05-10 01:00:25,809,ON
2024-05-10 01:00:27,990,ON
2024-05-10 01:00:29,1152,ON
2024-05-10 01:00:31,1085,ON
2024-05-10 01:00:33,1174,ON
2024-05-10 01:00:35,1312,ON
2024-05-10 01:00:37,941,ON
2024-05-10 01:00:39,919,ON
2024-05-10 01:00:41,932,ON
2024-05-10 01:00:43,783,ON
2024-05-10 01:00:45,824,ON
2024-05-10 01:00:47,1020,ON
2024-05-10 01:00:49,1192,ON
2024-05-10 01:00:51,1252,ON
2024-05-10 01:00:53,1016,ON
2024-05-10 01:00:55,900,ON
2024-05-10 01:00:57,956,ON
2024-05-10 01:00:59,1018,ON
2024-05-10 01:01:01,928,ON
2024-05-10 01:01:03,1011,ON
2024-05-10 01:01:05,816,ON
2024-05-10 01:01:07,927,ON
2024-05-10 01:01:09,950,ON
2024-05-10 01:01:11,957,ON
2024-05-10 01:01:13,959,ON
2024-05-10 01:07:07,927,OFF
2024-05-10 01:07:09,851,OFF
2024-05-10 01:07:11,1278,OFF
2024-05-10 01:07:13,1063,OFF
2024-05-10 01:07:15,889,OFF
2024-05-10 01:07:17,951,ON
2024-05-10 01:07:19,900,ON
2024-05-10 01:07:21,861,ON
2024-05-10 01:07:57,1169,OFF
2024-05-10 01:07:59,907,OFF
2024-05-10 01:08:01,1216,OFF
2024-05-10 01:08:03,994,OFF
2024-05-10 01:08:05,942,ON
2024-05-10 01:08:07,941,ON
2024-05-10 01:08:09,1288,ON
2024-05-10 01:08:11,1409,ON
2024-05-10 01:08:13,1165,ON
2024-05-10 01:08:15,1371,ON
2024-05-10 01:08:17,1741,ON
2024-05-10 01:08:19,1282,ON
2024-05-10 01:08:21,2056,ON
2024-05-10 01:08:23,1231,ON
2024-05-10 01:08:25,1030,ON
2024-05-10 01:08:27,1290,ON
2024-05-10 01:08:29,970,ON
2024-05-10 01:08:31,875,ON
2024-05-10 01:08:33,1174,ON
2024-05-10 01:08:35,1246,ON
2024-05-10 01:08:37,1099,ON
2024-05-10 01:08:59,1001,OFF
2024-05-10 01:09:01,908,ON
2024-05-10 01:09:03,1059,ON
2024-05-10 01:09:05,982,ON
2024-05-10 01:09:07,916,ON
2024-05-10 01:09:09,998,ON
2024-05-10 01:09:11,1023,ON
2024-05-10 01:09:13,979,ON
2024-05-10 01:09:15,1031,ON
2024-05-10 01:09:17,984,ON
2024-05-10 01:09:19,1192,ON
2024-05-10 01:09:21,1297,ON
2024-05-10 01:09:23,1182,ON
2024-05-10 01:09:25,1172,ON
2024-05-10 01:09:27,1149,ON
2024-05-10 01:09:29,1133,ON
2024-05-10 01:09:31,1049,ON
2024-05-10 01:09:33,1413,ON
2024-05-10 01:09:35,1477,ON
2024-05-10 01:09:37,1136,ON
2024-05-10 01:09:39,890,ON
2024-05-10 01:09:41,925,ON
2024-05-10 01:09:43,947,ON
2024-05-10 01:09:45,1001,ON
2024-05-10 01:09:47,1230,ON
2024-05-10 01:09:49,1293,ON
2024-05-10 01:09:51,1251,ON
2024-05-10 01:09:53,1170,ON
2024-05-10 01:10:31,1104,OFF
2024-05-10 01:10:33,990,ON
2024-05-10 01:10:35,944,ON
2024-05-10 01:10:37,1299,ON
2024-05-10 01:10:39,1436,ON
2024-05-10 01:10:41,1273,ON
2024-05-10 01:10:43,1047,ON
2024-05-10 01:10:45,977,ON
2024-05-10 01:10:47,949,ON
2024-05-10 01:10:49,931,ON
2024-05-10 01:10:51,1015,ON
2024-05-10 01:10:53,960,ON
2024-05-10 01:10:55,982,ON
2024-05-10 01:10:57,1073,ON
2024-05-10 01:10:59,1386,ON
2024-05-10 01:11:01,2399,ON
2024-05-10 01:11:03,1530,ON
2024-05-10 01:11:05,1031,ON
2024-05-10 01:11:07,928,ON
2024-05-10 01:11:09,970,ON
2024-05-10 01:11:11,1258,ON
2024-05-10 01:11:13,1212,ON
2024-05-10 01:11:15,1217,ON
2024-05-10 01:11:17,1190,ON
2024-05-10 01:11:19,1260,ON
2024-05-10 01:11:21,1243,ON
2024-05-10 01:11:23,943,ON
2024-05-10 01:11:25,942,ON
2024-05-10 01:11:27,1379,ON
2024-05-10 01:11:29,1177,ON
2024-05-10 01:11:31,1306,ON
2024-05-10 01:11:33,1375,ON
2024-05-10 01:11:35,959,ON
2024-05-10 01:11:37,1057,ON
2024-05-10 01:11:39,1267,ON
2024-05-10 01:11:41,1082,ON
2024-05-10 01:11:43,1117,ON
2024-05-10 01:11:45,1163,ON
2024-05-10 01:11:47,921,ON
2024-05-10 01:11:49,1062,ON
2024-05-10 01:11:51,1232,ON
2024-05-10 01:11:53,953,ON
2024-05-10 01:12:06,1211,ON
2024-05-10 01:12:08,1349,ON
2024-05-10 01:12:10,1222,ON
2024-05-10 01:12:12,927,ON
2024-05-10 01:12:14,1259,ON
2024-05-10 01:12:16,1139,ON
2024-05-10 01:12:18,1200,ON
2024-05-10 01:12:20,2387,ON
2024-05-10 01:12:22,2356,ON
2024-05-10 01:12:24,924,ON
2024-05-10 01:12:26,940,ON
2024-05-10 01:12:28,1095,ON
2024-05-10 01:12:30,1105,ON
2024-05-10 01:12:32,1081,ON
2024-05-10 01:12:43,947,OFF
2024-05-10 01:12:45,1219,ON
2024-05-10 01:12:47,1010,ON
2024-05-10 01:12:49,1195,ON
2024-05-10 01:12:51,1365,ON
2024-05-10 01:12:53,1131,ON
2024-05-10 01:12:55,1045,ON
2024-05-10 01:12:57,988,ON
2024-05-10 01:12:59,1003,ON
2024-05-10 01:13:01,1052,ON
2024-05-10 01:13:03,986,ON
2024-05-10 01:13:05,1528,ON
2024-05-10 01:13:07,1837,ON
2024-05-10 01:13:09,1760,ON
2024-05-10 01:13:11,1051,ON
2024-05-10 01:13:13,1146,ON
2024-05-10 01:16:49,1033,ON
2024-05-10 01:16:51,1058,ON
2024-05-10 01:16:53,1204,ON
2024-05-10 01:16:55,1194,ON
2024-05-10 01:16:57,1037,ON
2024-05-10 01:16:59,986,ON
2024-05-10 01:18:29,991,OFF
2024-05-10 01:18:31,1311,ON
2024-05-10 01:18:33,1160,ON
2024-05-10 01:18:35,1021,ON
2024-05-10 01:18:37,1019,ON
2024-05-10 01:18:39,1054,ON
2024-05-10 01:18:41,1157,ON
2024-05-10 01:18:43,1087,ON
2024-05-10 01:18:45,1161,ON
2024-05-10 01:18:47,1159,ON
2024-05-10 01:18:49,1229,ON
2024-05-10 01:18:51,1148,ON
2024-05-10 01:18:53,1038,ON
2024-05-10 01:18:55,1100,ON
2024-05-10 01:18:57,1043,ON
2024-05-10 01:18:59,1042,ON
2024-05-10 01:19:01,1165,ON
2024-05-10 01:19:03,1379,ON
2024-05-10 01:19:05,1735,ON
2024-05-10 01:19:07,1612,ON
2024-05-10 01:19:09,1011,ON
2024-05-10 01:19:11,1077,ON
2024-05-10 01:19:13,1139,ON
2024-05-10 01:19:15,1108,ON
2024-05-10 01:19:17,1154,ON
2024-05-10 01:19:19,1128,ON
2024-05-10 01:19:21,1265,ON
2024-05-10 01:19:23,1323,ON
2024-05-10 01:19:25,1277,ON
2024-05-10 01:19:27,1177,ON
2024-05-10 01:19:29,1162,ON
2024-05-10 01:19:31,1609,ON
2024-05-10 01:19:33,1692,ON
2024-05-10 01:19:35,1163,ON
2024-05-10 01:19:37,1154,ON
2024-05-10 01:19:39,1087,ON
2024-05-10 01:19:41,1315,ON
2024-05-10 01:19:43,1292,ON
2024-05-10 01:19:45,1192,ON
2024-05-10 01:19:47,1238,ON
2024-05-10 01:19:49,1087,ON
2024-05-10 01:19:51,1134,ON
2024-05-10 01:19:53,1306,ON
2024-05-10 01:19:55,1203,ON
2024-05-10 01:19:57,1329,ON
2024-05-10 01:19:59,1501,ON
2024-05-10 01:20:02,1547,ON
2024-05-10 01:20:03,1220,ON
2024-05-10 01:20:05,1145,ON
2024-05-10 01:20:07,1192,ON
2024-05-10 01:20:09,1062,ON
2024-05-10 01:20:11,1056,ON
2024-05-10 01:20:13,1229,ON
2024-05-10 01:20:15,1214,ON
2024-05-10 01:20:17,1094,ON
2024-05-10 01:20:19,1119,ON
2024-05-10 01:20:21,1279,ON
2024-05-10 01:23:21,1571,OFF
2024-05-10 01:23:23,1369,OFF
2024-05-10 01:23:25,1172,ON
2024-05-10 01:23:27,1336,ON
2024-05-10 01:24:10,2031,ON
2024-05-10 01:24:12,1930,ON
2024-05-10 01:24:14,1219,ON
2024-05-10 01:24:16,1147,ON
2024-05-10 01:24:18,1072,ON
2024-05-10 01:24:20,1188,ON
2024-05-10 01:24:22,1213,ON
2024-05-10 01:40:44,775,OFF
2024-05-10 01:40:46,940,OFF
2024-05-10 01:40:48,793,OFF
2024-05-10 01:40:50,725,OFF
2024-05-10 01:40:52,726,ON
2024-05-10 01:40:54,815,ON
2024-05-10 01:40:56,815,ON
2024-05-10 01:40:58,1704,ON
2024-05-10 01:41:00,1706,ON
2024-05-10 01:41:02,824,ON
2024-05-10 01:41:04,824,ON
2024-05-10 01:41:06,1035,ON
2024-05-10 01:41:08,993,ON
2024-05-10 01:41:10,734,ON
2024-05-10 01:41:12,734,ON
2024-05-10 01:43:29,909,OFF
2024-05-10 01:43:31,982,OFF
2024-05-10 01:43:33,768,ON
2024-05-10 01:43:35,772,ON
2024-05-10 01:43:37,1133,ON
2024-05-10 01:43:39,938,ON
2024-05-10 01:43:41,988,ON
2024-05-10 01:43:43,860,ON
2024-05-10 01:43:45,1063,ON
2024-05-10 01:43:47,1148,ON
2024-05-10 01:43:49,1059,ON
2024-05-10 01:43:51,906,ON
2024-05-10 01:43:53,838,ON
2024-05-10 01:43:55,1148,ON
2024-05-10 01:43:57,1013,ON
2024-05-10 01:43:59,820,ON
2024-05-10 01:44:01,778,ON
2024-05-10 01:44:03,864,ON
2024-05-10 01:44:05,871,ON
2024-05-10 01:44:07,804,ON
2024-05-10 01:52:00,1211,OFF
2024-05-10 01:52:02,983,ON
2024-05-10 01:52:05,1028,ON
2024-05-10 01:52:06,1075,ON
2024-05-10 01:52:09,978,ON
2024-05-10 01:52:10,1169,ON
2024-05-10 01:52:31,994,ON
2024-05-10 01:52:34,950,ON
2024-05-10 01:52:35,958,ON
2024-05-10 01:52:38,995,ON
2024-05-10 01:53:20,1171,OFF
2024-05-10 01:53:22,905,OFF
2024-05-10 01:53:25,905,ON
2024-05-10 01:53:26,977,ON
2024-05-10 01:53:29,977,ON
2024-05-10 01:53:30,1297,ON
2024-05-10 01:53:33,1316,ON
2024-05-10 01:53:34,970,ON
2024-05-10 01:53:37,971,ON
2024-05-10 01:53:38,909,ON
2024-05-10 01:53:41,908,ON
2024-05-10 01:53:42,1126,ON
2024-05-10 02:15:41,189,OFF
2024-05-10 02:15:43,0,OFF
2024-05-10 02:15:45,54,OFF
2024-05-10 02:15:47,71,OFF
2024-05-10 02:15:49,187,OFF
2024-05-10 02:15:51,0,ON
2024-05-10 02:15:53,65,ON
2024-05-10 02:15:56,74,ON
2024-05-10 02:15:57,29,ON
2024-05-10 02:16:00,29,ON
2024-05-10 02:16:01,147,ON
2024-05-10 02:16:04,198,ON
2024-05-10 02:16:05,164,ON
2024-05-10 02:16:08,164,ON
2024-05-10 02:16:09,104,ON
2024-05-10 02:16:12,115,ON
2024-05-10 02:16:13,103,ON
2024-05-10 02:16:16,104,ON
2024-05-10 02:16:17,184,ON
2024-05-10 02:16:20,115,ON
2024-05-10 02:16:21,39,ON
2024-05-10 02:16:24,38,ON
2024-05-10 02:16:25,138,ON
2024-05-10 02:16:28,198,ON
2024-05-10 02:16:29,208,ON
2024-05-10 02:16:32,121,ON
2024-05-10 02:16:33,289,ON
2024-05-10 02:16:36,386,ON
2024-05-10 02:16:37,133,ON
2024-05-10 02:16:40,133,ON
2024-05-10 02:16:41,36,ON
2024-05-10 02:16:44,36,ON
2024-05-10 02:16:45,114,ON
2024-05-10 02:16:48,113,ON
2024-05-10 02:16:49,44,ON
2024-05-10 02:16:52,43,ON
2024-05-10 02:16:53,22,ON
2024-05-10 02:16:56,26,ON
2024-05-10 02:16:57,109,ON
2024-05-10 02:17:00,147,ON
2024-05-10 02:17:01,61,ON
2024-05-10 02:17:04,103,ON
2024-05-10 02:17:05,183,ON
2024-05-10 02:17:08,226,ON
2024-05-10 02:17:09,185,ON
2024-05-10 02:17:12,59,ON
2024-05-10 02:17:13,117,ON
2024-05-10 02:17:16,163,ON
2024-05-10 02:17:17,88,ON
2024-05-10 02:17:20,131,ON
2024-05-10 02:17:21,140,ON
2024-05-10 02:17:24,118,ON
2024-05-10 02:17:25,112,ON
2024-05-10 02:17:28,193,ON
2024-05-10 02:17:29,96,ON
2024-05-10 02:17:32,98,ON
2024-05-10 02:17:33,110,ON
2024-05-10 02:17:36,191,ON
2024-05-10 02:17:37,83,ON
2024-05-10 02:17:40,83,ON
2024-05-10 02:17:41,212,ON
2024-05-10 02:17:44,213,ON
2024-05-10 02:17:45,126,ON
2024-05-10 02:17:48,125,ON
2024-05-10 02:17:49,93,ON
2024-05-10 02:17:52,93,ON
2024-05-10 02:17:53,105,ON
2024-05-10 02:17:56,105,ON
2024-05-10 02:17:57,123,ON
2024-05-10 02:18:00,70,ON
2024-05-10 02:18:01,98,ON
2024-05-10 02:18:04,171,ON
2024-05-10 02:18:05,181,ON
2024-05-10 02:18:08,186,ON
2024-05-10 02:18:09,109,ON
2024-05-10 02:18:12,193,ON
2024-05-10 02:18:13,107,ON
2024-05-10 02:18:16,113,ON
2024-05-10 02:18:17,118,ON
2024-05-10 02:18:20,118,ON
2024-05-10 02:18:21,196,ON
2024-05-10 02:18:24,147,ON
2024-05-10 02:18:25,88,ON
2024-05-10 02:18:28,90,ON
2024-05-10 02:18:29,93,ON
2024-05-10 02:18:32,103,ON
2024-05-10 02:18:33,137,ON
2024-05-10 02:18:36,163,ON
2024-05-10 02:18:37,143,ON
2024-05-10 02:18:40,181,ON
2024-05-10 02:18:41,100,ON
2024-05-10 02:18:44,101,ON
2024-05-10 02:18:45,164,ON
2024-05-10 02:18:48,166,ON
2024-05-10 02:18:49,185,ON
2024-05-10 02:18:52,185,ON
2024-05-10 02:18:53,237,ON
2024-05-10 02:18:56,239,ON
2024-05-10 02:18:57,227,ON
2024-05-10 02:19:00,229,ON
2024-05-10 02:19:01,115,ON
2024-05-10 02:19:04,115,ON
2024-05-10 02:19:05,202,ON
2024-05-10 02:19:08,202,ON
2024-05-10 02:19:09,202,ON
2024-05-10 02:19:12,258,ON
2024-05-10 02:19:13,158,ON
2024-05-10 02:19:16,212,ON
2024-05-10 02:19:17,298,ON
2024-05-10 02:19:20,330,ON
2024-05-10 02:19:21,135,ON
2024-05-10 02:19:24,139,ON
2024-05-10 02:19:25,200,ON
2024-05-10 02:19:28,431,ON
2024-05-10 02:19:29,331,ON
2024-05-10 02:19:32,187,ON
2024-05-10 02:19:33,193,ON
2024-05-10 02:19:36,239,ON
2024-05-10 02:19:37,201,ON
2024-05-10 02:19:40,201,ON
2024-05-10 02:19:41,167,ON
2024-05-10 02:19:44,230,ON
2024-05-10 02:19:45,157,ON
2024-05-10 02:19:57,191,OFF
2024-05-10 02:25:04,314,OFF
2024-05-10 02:25:06,368,OFF
2024-05-10 02:25:08,390,OFF
2024-05-10 02:25:10,656,OFF
2024-05-10 02:25:12,309,OFF
2024-05-10 02:25:14,408,OFF
2024-05-10 02:25:16,440,OFF
2024-05-10 02:25:18,352,OFF
2024-05-10 02:39:34,663,OFF
2024-05-10 02:39:36,693,OFF
2024-05-10 02:39:38,688,OFF
2024-05-10 02:39:40,709,OFF
2024-05-10 02:39:42,753,OFF
2024-05-10 02:39:44,852,OFF
2024-05-10 02:39:46,808,OFF
2024-05-10 02:39:48,679,OFF
2024-05-10 02:39:50,641,ON
2024-05-10 02:39:53,643,ON
2024-05-10 02:39:54,818,ON
2024-05-10 02:39:57,914,ON
2024-05-10 02:39:58,709,ON
2024-05-10 02:40:00,683,OFF
2024-05-10 02:40:02,679,OFF
2024-05-10 02:40:04,795,OFF
2024-05-10 02:40:07,766,OFF
2024-05-10 02:40:08,764,OFF
2024-05-10 02:40:10,894,ON
2024-05-10 02:40:13,894,ON
2024-05-10 02:40:14,699,ON
2024-05-10 02:40:16,674,OFF
2024-05-10 02:40:18,724,OFF
2024-05-10 02:40:46,663,OFF
2024-05-10 02:40:48,695,OFF
2024-05-10 02:40:50,749,OFF
2024-05-10 02:40:53,721,ON
2024-05-10 02:40:54,749,ON
2024-05-10 02:40:57,750,ON
2024-05-10 02:40:58,739,ON
2024-05-10 02:41:55,773,OFF
2024-05-10 02:41:57,810,OFF
2024-05-10 02:41:59,802,OFF
2024-05-10 02:42:02,785,ON
2024-05-10 02:42:03,740,ON
2024-05-10 02:42:06,764,ON
2024-05-10 02:42:07,792,ON
2024-05-10 02:42:10,794,ON
2024-05-10 02:42:11,789,ON
2024-05-10 02:42:14,790,ON
2024-05-10 02:42:15,751,ON
2024-05-10 02:44:09,827,OFF
2024-05-10 02:44:12,950,OFF
2024-05-10 02:44:13,958,OFF
2024-05-10 02:44:16,835,OFF
2024-05-10 02:44:17,840,OFF
2024-05-10 02:44:20,840,OFF
2024-05-10 02:44:21,722,OFF
2024-05-10 02:44:24,738,ON
2024-05-10 02:44:25,882,ON
2024-05-10 02:44:28,882,ON
2024-05-10 02:44:29,826,ON
2024-05-10 02:44:32,825,ON
2024-05-10 02:44:33,884,ON
2024-05-10 02:44:36,905,ON
2024-05-10 02:44:37,760,ON
2024-05-10 02:44:40,759,OFF
2024-05-10 02:44:41,805,OFF
2024-05-10 02:44:44,807,OFF
2024-05-10 02:44:45,807,OFF
2024-05-10 02:45:09,818,OFF
2024-05-10 02:45:12,818,OFF
2024-05-10 02:45:13,906,OFF
2024-05-10 02:45:16,906,OFF
2024-05-10 02:45:17,740,OFF
2024-05-10 02:45:20,738,OFF
2024-05-10 02:45:21,758,OFF
2024-05-10 02:45:24,759,OFF
2024-05-10 02:45:25,963,OFF
2024-05-10 02:45:28,1080,ON
2024-05-10 02:45:29,792,ON
2024-05-10 02:45:32,793,OFF
2024-05-10 02:45:33,812,OFF
2024-05-10 02:45:36,812,OFF
2024-05-10 02:45:37,823,OFF
2024-05-10 02:45:40,823,ON
2024-05-10 02:45:41,780,ON
2024-05-10 02:45:44,778,OFF
2024-05-10 02:45:45,747,OFF
2024-05-10 02:45:48,748,OFF
2024-05-10 02:45:49,847,OFF
2024-05-10 02:45:52,847,OFF
2024-05-10 02:45:53,829,OFF
2024-05-10 02:45:56,828,OFF
2024-05-10 02:48:26,842,OFF
2024-05-10 02:48:29,923,OFF
2024-05-10 02:48:30,972,OFF
2024-05-10 02:48:33,973,OFF
2024-05-10 02:48:34,871,OFF
2024-05-10 02:48:37,870,OFF
2024-05-10 02:48:38,796,OFF
2024-05-10 02:48:41,797,OFF
2024-05-10 02:48:42,790,OFF
2024-05-10 02:48:45,789,OFF
2024-05-10 02:48:46,877,OFF
2024-05-10 02:48:49,876,OFF
2024-05-10 02:48:50,967,OFF
2024-05-10 02:49:51,1051,OFF
2024-05-10 02:49:55,1006,OFF
2024-05-10 02:49:55,887,OFF
2024-05-10 02:49:59,886,OFF
2024-05-10 02:49:59,835,OFF
2024-05-10 02:50:03,836,OFF
2024-05-10 02:50:03,1061,OFF
2024-05-10 02:50:07,1061,OFF
2024-05-10 02:50:07,977,OFF
2024-05-10 02:50:11,983,OFF
2024-05-10 02:50:11,933,OFF
2024-05-10 02:50:15,811,OFF
2024-05-10 02:50:15,962,OFF
2024-05-10 02:50:19,961,ON
2024-05-10 02:50:19,938,ON
2024-05-10 02:50:23,937,ON
2024-05-10 02:50:23,878,ON
2024-05-10 02:50:27,851,ON
2024-05-10 02:50:27,961,ON
2024-05-10 02:50:31,961,ON
2024-05-10 02:50:31,924,ON
2024-05-10 02:51:15,876,OFF
2024-05-10 02:51:17,932,OFF
2024-05-10 02:51:19,969,OFF
2024-05-10 02:51:21,945,OFF
2024-05-10 02:51:23,911,OFF
2024-05-10 02:51:25,915,ON
2024-05-10 02:52:39,839,OFF
2024-05-10 02:52:41,941,OFF
2024-05-10 02:52:43,1044,OFF
2024-05-10 02:52:45,1008,OFF
2024-05-10 02:52:47,880,OFF
2024-05-10 02:52:49,883,OFF
2024-05-10 02:52:51,912,ON
2024-05-10 02:52:53,1004,ON
2024-05-10 02:52:55,1007,ON
2024-05-10 02:52:57,958,ON
2024-05-10 02:52:59,915,ON
2024-05-10 02:53:01,883,ON
2024-05-10 02:53:03,879,ON
2024-05-10 02:53:05,866,ON
2024-05-10 02:53:07,989,ON
2024-05-10 02:53:09,1000,ON
2024-05-10 02:53:11,914,ON
2024-05-10 02:53:13,972,ON
2024-05-10 02:53:15,991,ON
2024-05-10 02:54:05,954,OFF
2024-05-10 02:54:07,983,OFF
2024-05-10 02:54:09,893,OFF
2024-05-10 02:54:11,904,ON
2024-05-10 02:54:13,902,ON
2024-05-10 02:54:15,873,ON
2024-05-10 02:54:17,941,ON
2024-05-10 02:54:19,904,ON
2024-05-10 02:54:21,885,ON
2024-05-10 02:54:23,1061,ON
2024-05-10 02:54:25,1057,ON
2024-05-10 02:54:27,933,ON
2024-05-10 02:54:29,941,ON
2024-05-10 02:54:31,957,ON
2024-05-10 02:55:26,955,ON
2024-05-10 02:55:28,969,OFF
2024-05-10 02:55:30,1029,OFF
2024-05-10 02:55:32,1020,OFF
2024-05-10 02:55:34,960,OFF
2024-05-10 02:55:36,901,OFF
2024-05-10 02:55:38,939,OFF
2024-05-10 02:55:40,919,ON
2024-05-10 02:55:42,897,ON
2024-05-10 02:56:09,925,OFF
2024-05-10 02:56:11,928,OFF
2024-05-10 02:56:13,1006,OFF
2024-05-10 02:56:15,963,ON
2024-05-10 02:56:17,911,ON
2024-05-10 02:56:19,971,ON
2024-05-10 02:56:21,962,ON
2024-05-10 02:56:23,948,ON
2024-05-10 02:56:25,934,ON
2024-05-10 02:56:27,891,ON
2024-05-10 02:56:29,1001,ON
2024-05-10 02:56:31,1049,ON
2024-05-10 02:56:33,941,ON
2024-05-10 02:56:35,1061,ON
2024-05-10 02:56:37,1131,ON
2024-05-10 02:56:39,1031,ON
2024-05-10 02:56:41,1043,ON
2024-05-10 02:56:43,1105,ON
2024-05-10 02:56:45,1001,ON
2024-05-10 05:59:44,99,OFF
2024-05-10 05:59:46,253,OFF
2024-05-10 05:59:48,672,OFF
2024-05-10 05:59:50,537,OFF
2024-05-10 05:59:52,122,OFF
2024-05-10 05:59:54,116,OFF
2024-05-10 05:59:56,120,OFF
2024-05-10 05:59:58,582,OFF
2024-05-10 06:00:00,373,OFF
2024-05-10 06:00:02,125,OFF
2024-05-10 06:00:04,125,OFF
2024-05-10 06:00:06,109,OFF
2024-05-10 06:00:08,109,OFF
2024-05-10 06:00:10,116,ON
2024-05-10 06:00:12,118,ON
2024-05-10 06:00:14,135,ON
2024-05-10 06:00:16,164,ON
2024-05-10 06:00:18,726,ON
2024-05-10 06:00:20,697,ON
2024-05-10 06:00:22,225,ON
2024-05-10 06:00:24,237,ON
2024-05-10 06:00:26,127,ON
2024-05-10 06:00:28,151,ON
2024-05-10 06:00:30,194,ON
2024-05-10 06:00:32,160,ON
2024-05-10 06:00:34,121,ON
2024-05-10 06:00:36,110,ON
2024-05-10 06:00:38,165,ON
2024-05-10 06:00:40,360,ON
2024-05-10 06:00:42,636,ON
2024-05-10 06:00:44,790,ON
2024-05-10 06:00:46,566,ON
2024-05-10 06:00:48,389,ON
2024-05-10 06:00:50,309,ON
2024-05-10 06:00:52,157,ON
2024-05-10 06:00:54,135,ON
2024-05-10 06:00:56,172,ON
2024-05-10 06:00:58,174,ON
2024-05-10 06:01:00,134,ON
2024-05-10 06:01:02,198,ON
2024-05-10 06:01:04,201,ON
2024-05-10 06:01:06,181,ON
2024-05-10 06:01:08,212,ON
2024-05-10 06:01:10,167,ON
2024-05-10 06:01:12,1439,ON
2024-05-10 06:01:14,1275,ON
2024-05-10 06:01:16,196,ON
2024-05-10 06:01:18,526,ON
2024-05-10 06:01:20,332,ON
2024-05-10 06:01:22,328,ON
2024-05-10 06:01:24,258,ON
2024-05-10 06:01:26,145,ON
                                                                                                                                                                                                                                                                                                                                                  2024-05-14 07:37:26,186,OFF
2024-05-14 07:37:28,186,OFF
2024-05-14 07:37:30,104,OFF
2024-05-14 07:37:32,279,OFF
2024-05-14 07:37:34,159,OFF
2024-05-14 07:37:36,245,OFF
2024-05-14 07:37:38,1190,OFF
2024-05-14 07:37:40,894,OFF
2024-05-14 07:37:42,518,OFF
2024-05-14 07:37:44,1344,OFF
2024-05-14 07:37:46,1943,ON
2024-05-14 07:37:48,2604,ON
2024-05-14 07:37:50,1852,ON
2024-05-14 07:37:52,788,ON
2024-05-14 07:37:54,571,OFF
2024-05-14 07:37:56,116,OFF
2024-05-14 07:37:58,879,OFF
2024-05-14 07:38:00,878,OFF
2024-05-14 07:38:02,1061,OFF
2024-05-14 07:38:04,1411,OFF
2024-05-14 07:38:06,1659,OFF
2024-05-14 07:38:08,2049,OFF
2024-05-14 07:38:10,2485,OFF
2024-05-14 07:38:12,1160,OFF
2024-05-14 07:38:14,1014,ON
2024-05-14 07:38:16,882,ON
2024-05-14 07:38:18,130,OFF
2024-05-14 07:38:20,213,OFF
2024-05-14 07:38:22,213,OFF
2024-05-14 07:38:24,133,OFF
2024-05-14 07:38:50,713,OFF
2024-05-14 07:38:52,1599,OFF
2024-05-14 07:38:54,2606,OFF
2024-05-14 07:38:56,3521,ON
2024-05-14 07:38:58,3194,ON
2024-05-14 07:39:00,3192,ON
2024-05-14 07:39:02,3196,ON
2024-05-14 07:39:04,3196,ON
2024-05-14 07:39:06,3956,ON
2024-05-14 07:39:08,3957,ON
2024-05-14 07:39:10,3065,ON
2024-05-14 07:39:12,1798,OFF
2024-05-14 07:39:14,1746,OFF
2024-05-14 07:39:16,1063,OFF
2024-05-14 07:39:18,526,OFF
2024-05-14 07:39:20,1311,OFF
2024-05-14 07:39:22,1273,OFF
2024-05-14 07:39:24,162,OFF
2024-05-14 07:39:26,496,OFF
2024-05-14 07:39:28,311,OFF
2024-05-14 07:39:30,310,OFF
2024-05-14 07:39:32,163,OFF
2024-05-14 07:39:34,927,OFF
2024-05-14 07:39:36,167,OFF
2024-05-14 07:39:38,169,OFF
2024-05-14 07:39:40,172,OFF
2024-05-14 07:39:42,172,OFF
2024-05-14 07:39:44,398,OFF
2024-05-14 07:39:46,749,OFF
2024-05-14 07:39:48,524,OFF
2024-05-14 07:39:50,2795,ON
2024-05-14 07:39:52,940,ON
2024-05-14 07:39:54,180,OFF
2024-05-14 07:39:56,180,OFF
2024-05-14 07:39:58,181,OFF
2024-05-14 07:40:00,182,OFF
2024-05-14 07:40:02,376,OFF
2024-05-14 07:40:04,1896,OFF
2024-05-14 07:40:06,3224,OFF
2024-05-14 07:40:08,3228,ON
2024-05-14 07:40:10,3227,ON
2024-05-14 07:40:12,3228,ON
2024-05-14 07:40:14,3860,ON
2024-05-14 07:40:16,2154,ON
2024-05-14 07:40:18,1027,OFF
2024-05-14 07:40:20,1039,OFF
2024-05-14 07:40:22,1315,OFF
2024-05-14 07:40:24,1503,OFF
2024-05-14 07:40:26,1477,ON
2024-05-14 07:40:28,786,ON
2024-05-14 07:40:30,1001,OFF
2024-05-14 07:40:32,1192,OFF
2024-05-14 07:40:34,481,OFF
2024-05-14 07:40:36,1779,OFF
2024-05-14 07:40:38,967,ON
2024-05-14 07:40:40,346,OFF
2024-05-14 07:40:42,414,OFF
2024-05-14 07:40:44,528,OFF
2024-05-14 07:40:46,479,OFF
2024-05-14 07:40:48,594,OFF
2024-05-14 07:40:50,681,OFF
2024-05-14 07:40:52,685,OFF
2024-05-14 07:40:54,642,OFF
2024-05-14 07:40:56,655,OFF
2024-05-14 07:40:58,244,OFF
2024-05-14 07:41:00,233,OFF
2024-05-14 07:41:02,376,OFF
2024-05-14 07:41:04,332,OFF
2024-05-14 07:41:06,423,OFF
2024-05-14 07:41:08,423,OFF
2024-05-14 07:41:10,782,OFF
2024-05-14 07:41:12,1732,OFF
2024-05-14 07:41:14,1726,ON
2024-05-14 07:41:16,1352,ON
2024-05-14 07:41:18,1739,ON
2024-05-14 07:41:20,1156,ON
2024-05-14 07:41:22,225,OFF
2024-05-14 07:41:24,298,OFF
2024-05-14 07:41:26,227,OFF
2024-05-14 07:41:28,922,OFF
2024-05-14 07:41:30,378,OFF
2024-05-14 07:41:32,366,OFF
2024-05-14 07:41:34,654,OFF
2024-05-14 07:41:36,1604,ON
2024-05-14 07:41:38,1000,ON
2024-05-14 07:41:40,1002,OFF
2024-05-14 07:41:42,1075,OFF
2024-05-14 07:41:44,3038,ON
2024-05-14 07:41:46,2524,ON
2024-05-14 07:41:48,1064,ON
2024-05-14 07:41:50,512,ON
2024-05-14 07:41:52,712,ON
2024-05-14 07:41:54,596,ON
2024-05-14 07:41:56,716,ON
2024-05-14 07:41:58,619,ON
2024-05-14 07:42:00,838,ON
2024-05-14 07:42:02,719,ON
2024-05-14 07:42:04,601,ON
2024-05-14 07:42:06,520,ON
2024-05-14 07:42:08,552,ON
2024-05-14 07:42:10,517,ON
2024-05-14 07:42:12,1007,ON
2024-05-14 08:38:48,358,ON
2024-05-14 08:39:01,192,OFF
2024-05-14 08:39:02,172,OFF
2024-05-14 08:39:04,457,OFF
2024-05-14 08:39:06,205,OFF
2024-05-14 08:39:08,234,OFF
2024-05-14 08:39:10,684,OFF
2024-05-14 08:39:12,647,OFF
2024-05-14 08:39:14,230,OFF
2024-05-14 08:39:16,255,OFF
2024-05-14 08:39:18,187,OFF
2024-05-14 08:39:20,161,OFF
2024-05-14 08:39:22,454,OFF
2024-05-14 08:39:24,714,OFF
2024-05-14 08:39:26,421,OFF
2024-05-14 08:39:28,438,OFF
2024-05-14 08:39:30,235,OFF
2024-05-14 08:39:32,234,OFF
2024-05-14 08:39:34,216,OFF
2024-05-14 08:39:36,169,OFF
2024-05-14 08:39:38,219,OFF
2024-05-14 08:39:40,451,OFF
2024-05-14 08:39:42,411,OFF
2024-05-14 08:39:44,169,OFF
2024-05-14 08:39:46,460,OFF
2024-05-14 08:39:48,548,OFF
2024-05-14 08:39:50,591,OFF
2024-05-14 08:39:52,397,OFF
2024-05-14 08:39:54,284,OFF
2024-05-14 08:39:56,367,OFF
2024-05-14 08:39:58,257,OFF
2024-05-14 08:40:00,775,OFF
2024-05-14 08:40:02,774,OFF
2024-05-14 08:40:04,450,OFF
2024-05-14 08:40:06,455,OFF
2024-05-14 08:40:08,257,OFF
2024-05-14 08:40:10,296,OFF
2024-05-14 08:40:12,332,OFF
2024-05-14 08:40:14,180,OFF
2024-05-14 08:40:46,285,OFF
2024-05-14 08:40:48,473,OFF
2024-05-14 08:40:50,473,OFF
2024-05-14 08:40:52,420,OFF
2024-05-14 08:40:54,536,OFF
2024-05-14 08:40:56,276,OFF
2024-05-14 08:40:58,394,OFF
2024-05-14 08:41:00,239,OFF
2024-05-14 08:41:02,948,OFF
